X1,fila,ID
1:,1,1
2:,549,2
3:,695,3
4:,2708,4
5:,2851,5
6:,3992,6
7:,5012,7
8:,5106,8
9:,20017,9
10:,20113,10
11:,20363,11
12:,20562,12
13:,21109,13
14:,21235,14
15:,21354,15
16:,21645,16
17:,24345,17
18:,31454,18
19:,42177,19
20:,42717,20
21:,42834,21
22:,43053,22
23:,43257,23
24:,43873,24
25:,45207,25
26:,46415,26
27:,52277,27
28:,52551,28
29:,92304,29
30:,92828,30
31:,211242,31
32:,211464,32
33:,213319,33
34:,220210,34
35:,220319,35
36:,221159,36
37:,222099,37
38:,222381,38
39:,223184,39
40:,223937,40
41:,224429,41
42:,224523,42
43:,224652,43
44:,224758,44
45:,233260,45
46:,235880,46
47:,242439,47
48:,244790,48
49:,248382,49
50:,248614,50
51:,248943,51
52:,249034,52
53:,254182,53
54:,254297,54
55:,254457,55
56:,256864,56
57:,258698,57
58:,262261,58
59:,279667,59
60:,279872,60
61:,280168,61
62:,280316,62
63:,280607,63
64:,280792,64
65:,280888,65
66:,281147,66
67:,281314,67
68:,281604,68
69:,283821,69
70:,283938,70
71:,284282,71
72:,285844,72
73:,286024,73
74:,286772,74
75:,287161,75
76:,287381,76
77:,290336,77
78:,303935,78
79:,308786,79
80:,312184,80
81:,312459,81
82:,313709,82
83:,313829,83
84:,332554,84
85:,335307,85
86:,335574,86
87:,335751,87
88:,335869,88
89:,336848,89
90:,337727,90
91:,338353,91
92:,338921,92
93:,339083,93
94:,339258,94
95:,339601,95
96:,340537,96
97:,341026,97
98:,352535,98
99:,352666,99
100:,352793,100
101:,352872,101
102:,353203,102
103:,353534,103
104:,353744,104
105:,357245,105
106:,357438,106
107:,358379,107
108:,359209,108
109:,378228,109
110:,378774,110
111:,380934,111
112:,411062,112
113:,411302,113
114:,412696,114
115:,413125,115
116:,413792,116
117:,414919,117
118:,415901,118
119:,435142,119
120:,435239,120
121:,435579,121
122:,435679,122
123:,439062,123
124:,439339,124
125:,439509,125
126:,441239,126
127:,442424,127
128:,445439,128
129:,445857,129
130:,446614,130
131:,446701,131
132:,447407,132
133:,448238,133
134:,450802,134
135:,450902,135
136:,451287,136
137:,451408,137
138:,451613,138
139:,457621,139
140:,457718,140
141:,457838,141
142:,457965,142
143:,458292,143
144:,496655,144
145:,496945,145
146:,497401,146
147:,497768,147
148:,497900,148
149:,520095,149
150:,520158,150
151:,520424,151
152:,520601,152
153:,529764,153
154:,530086,154
155:,530245,155
156:,531226,156
157:,539406,157
158:,540112,158
159:,540487,159
160:,540652,160
161:,541552,161
162:,542202,162
163:,542677,163
164:,542871,164
165:,543524,165
166:,548113,166
167:,557549,167
168:,566701,168
169:,568055,169
170:,568391,170
171:,568607,171
172:,574798,172
173:,575121,173
174:,577358,174
175:,577550,175
176:,668001,176
177:,668212,177
178:,668454,178
179:,670386,179
180:,670673,180
181:,673092,181
182:,676651,182
183:,676886,183
184:,677050,184
185:,677450,185
186:,679748,186
187:,680040,187
188:,700090,188
189:,702640,189
190:,716778,190
191:,716883,191
192:,815604,192
193:,815880,193
194:,816002,194
195:,816649,195
196:,816835,196
197:,816990,197
198:,898251,198
199:,898446,199
200:,933956,200
201:,934086,201
202:,936811,202
203:,937194,203
204:,937291,204
205:,937522,205
206:,938036,206
207:,939133,207
208:,939392,208
209:,941589,209
210:,945963,210
211:,946651,211
212:,947306,212
213:,948197,213
214:,951680,214
215:,951805,215
216:,957623,216
217:,966519,217
218:,966945,218
219:,967061,219
220:,967173,220
221:,967395,221
222:,967557,222
223:,967657,223
224:,991783,224
225:,992870,225
226:,1000266,226
227:,1000456,227
228:,1001787,228
229:,1001883,229
230:,1002536,230
231:,1002663,231
232:,1003432,232
233:,1008409,233
234:,1008828,234
235:,1008926,235
236:,1009369,236
237:,1009495,237
238:,1009844,238
239:,1012180,239
240:,1014371,240
241:,1019556,241
242:,1062679,242
243:,1065055,243
244:,1065175,244
245:,1065281,245
246:,1065373,246
247:,1065805,247
248:,1066459,248
249:,1072621,249
250:,1072819,250
251:,1073593,251
252:,1074798,252
253:,1099186,253
254:,1104237,254
255:,1104428,255
256:,1109015,256
257:,1121280,257
258:,1148638,258
259:,1148803,259
260:,1149680,260
261:,1149886,261
262:,1150413,262
263:,1154792,263
264:,1155693,264
265:,1155828,265
266:,1156137,266
267:,1156264,267
268:,1157427,268
269:,1162973,269
270:,1184441,270
271:,1220873,271
272:,1221352,272
273:,1221415,273
274:,1253443,274
275:,1254218,275
276:,1264822,276
277:,1264938,277
278:,1265096,278
279:,1265180,279
280:,1265918,280
281:,1266458,281
282:,1269676,282
283:,1270070,283
284:,1276447,284
285:,1276545,285
286:,1290554,286
287:,1290746,287
288:,1290997,288
289:,1292146,289
290:,1296559,290
291:,1344211,291
292:,1344320,292
293:,1344855,293
294:,1345264,294
295:,1345727,295
296:,1374682,296
297:,1374799,297
298:,1376756,298
299:,1377212,299
300:,1454157,300
301:,1454270,301
302:,1454446,302
303:,1455326,303
304:,1455552,304
305:,1458980,305
306:,1471801,306
307:,1471999,307
308:,1472122,308
309:,1472323,309
310:,1472777,310
311:,1473223,311
312:,1498059,312
313:,1563537,313
314:,1663350,314
315:,1663865,315
316:,1663975,316
317:,1666496,317
318:,1666591,318
319:,1666687,319
320:,1666807,320
321:,1666932,321
322:,1667077,322
323:,1667976,323
324:,1668689,324
325:,1669081,325
326:,1670203,326
327:,1670369,327
328:,1670548,328
329:,1670746,329
330:,1737013,330
331:,1764052,331
332:,1811220,332
333:,1811370,333
334:,1811764,334
335:,1851640,335
336:,1851790,336
337:,1851990,337
338:,1854284,338
339:,1855687,339
340:,1856241,340
341:,1856420,341
342:,1858283,342
343:,1859642,343
344:,1859735,344
345:,1862340,345
346:,1866516,346
347:,1867002,347
348:,1867111,348
349:,1879851,349
350:,1880435,350
351:,1881587,351
352:,1881717,352
353:,1881837,353
354:,1902298,354
355:,1902441,355
356:,1902592,356
357:,1904463,357
358:,1981778,358
359:,1984787,359
360:,1989368,360
361:,1991600,361
362:,2027450,362
363:,2031387,363
364:,2033031,364
365:,2033155,365
366:,2033416,366
367:,2033767,367
368:,2046205,368
369:,2047601,369
370:,2048564,370
371:,2049049,371
372:,2051054,372
373:,2051203,373
374:,2051289,374
375:,2051533,375
376:,2053598,376
377:,2053792,377
378:,2053905,378
379:,2062091,379
380:,2062250,380
381:,2062780,381
382:,2069441,382
383:,2069600,383
384:,2069824,384
385:,2071263,385
386:,2080632,386
387:,2082102,387
388:,2082691,388
389:,2082909,389
390:,2083301,390
391:,2088544,391
392:,2089117,392
393:,2089178,393
394:,2101072,394
395:,2102690,395
396:,2104513,396
397:,2104718,397
398:,2105467,398
399:,2109033,399
400:,2109159,400
401:,2112853,401
402:,2116100,402
403:,2116223,403
404:,2116664,404
405:,2117123,405
406:,2124245,406
407:,2172863,407
408:,2173083,408
409:,2175905,409
410:,2176353,410
411:,2177363,411
412:,2177567,412
413:,2177888,413
414:,2207798,414
415:,2209227,415
416:,2209354,416
417:,2220611,417
418:,2222077,418
419:,2224139,419
420:,2224741,420
421:,2229237,421
422:,2230225,422
423:,2235724,423
424:,2236021,424
425:,2250142,425
426:,2254675,426
427:,2258893,427
428:,2261575,428
429:,2261691,429
430:,2262911,430
431:,2264458,431
432:,2267908,432
433:,2270623,433
434:,2280667,434
435:,2280806,435
436:,2281150,436
437:,2284636,437
438:,2284802,438
439:,2288515,439
440:,2289204,440
441:,2289312,441
442:,2289653,442
443:,2314946,443
444:,2351462,444
445:,2351553,445
446:,2359088,446
447:,2359808,447
448:,2359900,448
449:,2360090,449
450:,2360181,450
451:,2360319,451
452:,2361432,452
453:,2363863,453
454:,2364290,454
455:,2366124,455
456:,2366909,456
457:,2369360,457
458:,2486123,458
459:,2486479,459
460:,2493751,460
461:,2494096,461
462:,2494641,462
463:,2495420,463
464:,2497707,464
465:,2497790,465
466:,2497891,466
467:,2498254,467
468:,2499310,468
469:,2559726,469
470:,2559832,470
471:,2560412,471
472:,2564913,472
473:,2565429,473
474:,2589032,474
475:,2592068,475
476:,2593110,476
477:,2595138,477
478:,2597380,478
479:,2597812,479
480:,2599585,480
481:,2599945,481
482:,2600322,482
483:,2656827,483
484:,2746838,484
485:,2747071,485
486:,2748398,486
487:,2752299,487
488:,2752577,488
489:,2755825,489
490:,2760652,490
491:,2761526,491
492:,2761815,492
493:,2763539,493
494:,2763646,494
495:,2791248,495
496:,2791788,496
497:,2792024,497
498:,2792600,498
499:,2792883,499
500:,2798672,500
501:,2799205,501
502:,2814385,502
503:,2815963,503
504:,2816215,504
505:,2818559,505
506:,2820935,506
507:,2821093,507
508:,2822403,508
509:,2822598,509
510:,2822785,510
511:,2822970,511
512:,2824684,512
513:,2824982,513
514:,2825407,514
515:,2826275,515
516:,2826408,516
517:,2846590,517
518:,2853158,518
519:,2855427,519
520:,2855769,520
521:,2855945,521
522:,2856078,522
523:,2856399,523
524:,2856694,524
525:,2862831,525
526:,2862977,526
527:,2863559,527
528:,2863831,528
529:,2892286,529
530:,2892776,530
531:,2892933,531
532:,2893340,532
533:,2894398,533
534:,2900314,534
535:,2905632,535
536:,2911743,536
537:,2912160,537
538:,2912348,538
539:,2912551,539
540:,2912780,540
541:,2912943,541
542:,2913048,542
543:,2913220,543
544:,2914430,544
545:,2914584,545
546:,2914923,546
547:,2915080,547
548:,2915680,548
549:,2923420,549
550:,2923493,550
551:,2957291,551
552:,2972114,552
553:,2972845,553
554:,2973445,554
555:,2979336,555
556:,2980387,556
557:,2981017,557
558:,2981191,558
559:,2981769,559
560:,2981885,560
561:,2983592,561
562:,2986393,562
563:,2986480,563
564:,2997327,564
565:,3008153,565
566:,3008286,566
567:,3008938,567
568:,3009119,568
569:,3009304,569
570:,3013655,570
571:,3013918,571
572:,3168751,572
573:,3169312,573
574:,3169517,574
575:,3169626,575
576:,3171749,576
577:,3172397,577
578:,3174492,578
579:,3174727,579
580:,3176775,580
581:,3185041,581
582:,3185126,582
583:,3187340,583
584:,3187496,584
585:,3188505,585
586:,3190489,586
587:,3192826,587
588:,3193355,588
589:,3195409,589
590:,3196009,590
591:,3196187,591
592:,3196702,592
593:,3196840,593
594:,3196933,594
595:,3197228,595
596:,3198851,596
597:,3200013,597
598:,3200230,598
599:,3200478,599
600:,3210225,600
601:,3213136,601
602:,3213543,602
603:,3214736,603
604:,3215138,604
605:,3215254,605
606:,3215493,606
607:,3216338,607
608:,3316587,608
609:,3316656,609
610:,3317427,610
611:,3317532,611
612:,3317679,612
613:,3317934,613
614:,3318515,614
615:,3318658,615
616:,3332447,616
617:,3332562,617
618:,3333358,618
619:,3333720,619
620:,3333987,620
621:,3334658,621
622:,3343211,622
623:,3343559,623
624:,3343799,624
625:,3344894,625
626:,3345491,626
627:,3345789,627
628:,3345888,628
629:,3346553,629
630:,3358370,630
631:,3358616,631
632:,3366916,632
633:,3367645,633
634:,3368067,634
635:,3369600,635
636:,3369742,636
637:,3383462,637
638:,3384159,638
639:,3388325,639
640:,3388517,640
641:,3388955,641
642:,3390155,642
643:,3391392,643
644:,3394673,644
645:,3394976,645
646:,3403662,646
647:,3407698,647
648:,3408390,648
649:,3408561,649
650:,3408642,650
651:,3409082,651
652:,3409227,652
653:,3414357,653
654:,3414494,654
655:,3414580,655
656:,3415398,656
657:,3415518,657
658:,3417449,658
659:,3461451,659
660:,3464441,660
661:,3485243,661
662:,3488685,662
663:,3500095,663
664:,3500907,664
665:,3501265,665
666:,3501473,666
667:,3501825,667
668:,3502930,668
669:,3509295,669
670:,3509375,670
671:,3516943,671
672:,3517422,672
673:,3521869,673
674:,3523202,674
675:,3530840,675
676:,3531020,676
677:,3533409,677
678:,3539761,678
679:,3540044,679
680:,3540133,680
681:,3542831,681
682:,3546918,682
683:,3551685,683
684:,3551824,684
685:,3551999,685
686:,3553063,686
687:,3567733,687
688:,3567867,688
689:,3568192,689
690:,3576887,690
691:,3577817,691
692:,3578006,692
693:,3610835,693
694:,3613242,694
695:,3614128,695
696:,3614295,696
697:,3621390,697
698:,3621600,698
699:,3621680,699
700:,3622040,700
701:,3626725,701
702:,3627048,702
703:,3627258,703
704:,3627453,704
705:,3627616,705
706:,3666297,706
707:,3666965,707
708:,3669242,708
709:,3741624,709
710:,3741988,710
711:,3742246,711
712:,3757006,712
713:,3757905,713
714:,3758036,714
715:,3758113,715
716:,3758617,716
717:,3758720,717
718:,3760672,718
719:,3762420,719
720:,3763235,720
721:,3789954,721
722:,3790298,722
723:,3796254,723
724:,3810293,724
725:,3811517,725
726:,3816650,726
727:,3816819,727
728:,3816953,728
729:,3817136,729
730:,3817351,730
731:,3821820,731
732:,3823815,732
733:,3826379,733
734:,3829066,734
735:,3835782,735
736:,3835980,736
737:,3836296,737
738:,3836404,738
739:,3836995,739
740:,3837934,740
741:,3838061,741
742:,3838481,742
743:,3838697,743
744:,3839157,744
745:,3839264,745
746:,3839378,746
747:,3863506,747
748:,3863611,748
749:,3867249,749
750:,3870555,750
751:,3872627,751
752:,3882188,752
753:,3890858,753
754:,3891018,754
755:,3893055,755
756:,3894064,756
757:,3894152,757
758:,3894277,758
759:,3998640,759
760:,4015497,760
761:,4024810,761
762:,4026874,762
763:,4029210,763
764:,4041128,764
765:,4041783,765
766:,4042001,766
767:,4042407,767
768:,4042722,768
769:,4043382,769
770:,4043494,770
771:,4043663,771
772:,4044052,772
773:,4044122,773
774:,4044655,774
775:,4047131,775
776:,4047610,776
777:,4048967,777
778:,4049580,778
779:,4049707,779
780:,4050135,780
781:,4050533,781
782:,4051275,782
783:,4051371,783
784:,4052575,784
785:,4052800,785
786:,4053188,786
787:,4053697,787
788:,4053780,788
789:,4112308,789
790:,4143846,790
791:,4144212,791
792:,4144601,792
793:,4144722,793
794:,4144930,794
795:,4145740,795
796:,4145952,796
797:,4146402,797
798:,4146723,798
799:,4228002,799
800:,4229107,800
801:,4229262,801
802:,4229421,802
803:,4229522,803
804:,4229886,804
805:,4230496,805
806:,4230793,806
807:,4231790,807
808:,4234852,808
809:,4238566,809
810:,4242455,810
811:,4242561,811
812:,4254110,812
813:,4254233,813
814:,4254376,814
815:,4254806,815
816:,4255046,816
817:,4255148,817
818:,4259999,818
819:,4274384,819
820:,4290171,820
821:,4290217,821
822:,4290337,822
823:,4294150,823
824:,4294428,824
825:,4295367,825
826:,4301240,826
827:,4301413,827
828:,4301581,828
829:,4301799,829
830:,4310892,830
831:,4311026,831
832:,4330590,832
833:,4334085,833
834:,4342464,834
835:,4342837,835
836:,4343475,836
837:,4344267,837
838:,4345512,838
839:,4346111,839
840:,4347029,840
841:,4350586,841
842:,4350737,842
843:,4351317,843
844:,4362719,844
845:,4362900,845
846:,4363137,846
847:,4366736,847
848:,4366982,848
849:,4367352,849
850:,4368880,850
851:,4370976,851
852:,4396077,852
853:,4396647,853
854:,4397113,854
855:,4397271,855
856:,4397729,856
857:,4398115,857
858:,4399603,858
859:,4400156,859
860:,4411233,860
861:,4411363,861
862:,4411937,862
863:,4431289,863
864:,4431585,864
865:,4431799,865
866:,4432055,866
867:,4432881,867
868:,4433017,868
869:,4433654,869
870:,4433768,870
871:,4433906,871
872:,4435327,872
873:,4467019,873
874:,4468251,874
875:,4468354,875
876:,4468551,876
877:,4468738,877
878:,4469178,878
879:,4469271,879
880:,4469730,880
881:,4471402,881
882:,4472535,882
883:,4472618,883
884:,4477155,884
885:,4477251,885
886:,4477714,886
887:,4586321,887
888:,4586563,888
889:,4586673,889
890:,4589588,890
891:,4589947,891
892:,4590235,892
893:,4590878,893
894:,4591659,894
895:,4596504,895
896:,4598972,896
897:,4629566,897
898:,4641923,898
899:,4643150,899
900:,4643340,900
901:,4654518,901
902:,4655110,902
903:,4655711,903
904:,4655820,904
905:,4656019,905
906:,4656166,906
907:,4657023,907
908:,4661924,908
909:,4672963,909
910:,4673302,910
911:,4673439,911
912:,4673979,912
913:,4674302,913
914:,4674471,914
915:,4674594,915
916:,4674638,916
917:,4675081,917
918:,4675194,918
919:,4682769,919
920:,4693604,920
921:,4693718,921
922:,4694504,922
923:,4694708,923
924:,4694822,924
925:,4694916,925
926:,4695646,926
927:,4695756,927
928:,4695974,928
929:,4696318,929
930:,4697227,930
931:,4697866,931
932:,4699676,932
933:,4699830,933
934:,4700094,934
935:,4701461,935
936:,4702188,936
937:,4702358,937
938:,4726050,938
939:,4726231,939
940:,4726393,940
941:,4744858,941
942:,4745020,942
943:,4748275,943
944:,4750029,944
945:,4750119,945
946:,4750233,946
947:,4750375,947
948:,4751402,948
949:,4751539,949
950:,4753216,950
951:,4753308,951
952:,4753641,952
953:,4756052,953
954:,4763053,954
955:,4771143,955
956:,4771408,956
957:,4774446,957
958:,4775062,958
959:,4775327,959
960:,4775522,960
961:,4776595,961
962:,4778966,962
963:,4800251,963
964:,4837562,964
965:,4840439,965
966:,4840764,966
967:,4840961,967
968:,4841828,968
969:,4841936,969
970:,4842069,970
971:,4842273,971
972:,4845411,972
973:,4845640,973
974:,4845866,974
975:,4846493,975
976:,4846624,976
977:,4846791,977
978:,4848868,978
979:,4851124,979
980:,4851253,980
981:,4852481,981
982:,4852796,982
983:,4854360,983
984:,4854858,984
985:,4856572,985
986:,4946572,986
987:,4950211,987
988:,4950307,988
989:,4952147,989
990:,4970446,990
991:,4973405,991
992:,4973765,992
993:,4979976,993
994:,4983314,994
995:,4996568,995
996:,4996673,996
997:,5008532,997
998:,5008835,998
999:,5009282,999
1000:,5010439,1000
1001:,5011200,1001
1002:,5017405,1002
1003:,5017558,1003
1004:,5017618,1004
1005:,5018928,1005
1006:,5019465,1006
1007:,5020391,1007
1008:,5020498,1008
1009:,5021469,1009
1010:,5021597,1010
1011:,5021740,1011
1012:,5029768,1012
1013:,5037266,1013
1014:,5037521,1014
1015:,5037780,1015
1016:,5038651,1016
1017:,5038755,1017
1018:,5040255,1018
1019:,5040639,1019
1020:,5040778,1020
1021:,5061541,1021
1022:,5064981,1022
1023:,5068850,1023
1024:,5069276,1024
1025:,5070138,1025
1026:,5070455,1026
1027:,5078144,1027
1028:,5098105,1028
1029:,5098211,1029
1030:,5099045,1030
1031:,5099216,1031
1032:,5100667,1032
1033:,5104450,1033
1034:,5105467,1034
1035:,5105584,1035
1036:,5123281,1036
1037:,5123492,1037
1038:,5124547,1038
1039:,5124853,1039
1040:,5126475,1040
1041:,5126727,1041
1042:,5127749,1042
1043:,5128472,1043
1044:,5133320,1044
1045:,5136318,1045
1046:,5138901,1046
1047:,5179646,1047
1048:,5182264,1048
1049:,5183069,1049
1050:,5183629,1050
1051:,5197779,1051
1052:,5199210,1052
1053:,5199348,1053
1054:,5199429,1054
1055:,5199546,1055
1056:,5201364,1056
1057:,5201619,1057
1058:,5201798,1058
1059:,5207238,1059
1060:,5207420,1060
1061:,5215556,1061
1062:,5216560,1062
1063:,5217202,1063
1064:,5217621,1064
1065:,5217717,1065
1066:,5218053,1066
1067:,5252995,1067
1068:,5254360,1068
1069:,5260643,1069
1070:,5261480,1070
1071:,5261822,1071
1072:,5262071,1072
1073:,5262461,1073
1074:,5321980,1074
1075:,5324309,1075
1076:,5330139,1076
1077:,5330615,1077
1078:,5331230,1078
1079:,5331562,1079
1080:,5331876,1080
1081:,5335821,1081
1082:,5335999,1082
1083:,5336161,1083
1084:,5336511,1084
1085:,5338213,1085
1086:,5338697,1086
1087:,5340252,1087
1088:,5342419,1088
1089:,5342665,1089
1090:,5344749,1090
1091:,5344863,1091
1092:,5344957,1092
1093:,5349392,1093
1094:,5349503,1094
1095:,5357344,1095
1096:,5357542,1096
1097:,5369390,1097
1098:,5369800,1098
1099:,5375746,1099
1100:,5376211,1100
1101:,5382296,1101
1102:,5382787,1102
1103:,5456125,1103
1104:,5459748,1104
1105:,5468411,1105
1106:,5470208,1106
1107:,5470324,1107
1108:,5470447,1108
1109:,5470874,1109
1110:,5471033,1110
1111:,5569734,1111
1112:,5571776,1112
1113:,5571944,1113
1114:,5572316,1114
1115:,5573584,1115
1116:,5574061,1116
1117:,5577707,1117
1118:,5577916,1118
1119:,5579149,1119
1120:,5579367,1120
1121:,5582907,1121
1122:,5584193,1122
1123:,5584370,1123
1124:,5592288,1124
1125:,5592619,1125
1126:,5592695,1126
1127:,5596222,1127
1128:,5596463,1128
1129:,5597344,1129
1130:,5602322,1130
1131:,5605721,1131
1132:,5605868,1132
1133:,5608876,1133
1134:,5609066,1134
1135:,5614080,1135
1136:,5614275,1136
1137:,5614579,1137
1138:,5615171,1138
1139:,5635930,1139
1140:,5637229,1140
1141:,5641491,1141
1142:,5641693,1142
1143:,5645545,1143
1144:,5646181,1144
1145:,5726027,1145
1146:,5866182,1146
1147:,5866598,1147
1148:,5866739,1148
1149:,5886141,1149
1150:,5886409,1150
1151:,5886722,1151
1152:,5892479,1152
1153:,5892576,1153
1154:,5892703,1154
1155:,5892903,1155
1156:,5894692,1156
1157:,5895063,1157
1158:,5896270,1158
1159:,5897981,1159
1160:,5898068,1160
1161:,5901803,1161
1162:,5901924,1162
1163:,5902209,1163
1164:,5911871,1164
1165:,5912770,1165
1166:,5913632,1166
1167:,5913716,1167
1168:,5914992,1168
1169:,5915376,1169
1170:,5915491,1170
1171:,5916517,1171
1172:,5917138,1172
1173:,5919709,1173
1174:,5923577,1174
1175:,5959115,1175
1176:,5971799,1176
1177:,5979476,1177
1178:,5979599,1178
1179:,5979722,1179
1180:,5981636,1180
1181:,6090408,1181
1182:,6090577,1182
1183:,6091196,1183
1184:,6091352,1184
1185:,6091487,1185
1186:,6091618,1186
1187:,6092287,1187
1188:,6093182,1188
1189:,6093316,1189
1190:,6093489,1190
1191:,6093682,1191
1192:,6095432,1192
1193:,6095589,1193
1194:,6098513,1194
1195:,6098847,1195
1196:,6099853,1196
1197:,6099962,1197
1198:,6100121,1198
1199:,6100182,1199
1200:,6100307,1200
1201:,6106499,1201
1202:,6109488,1202
1203:,6188367,1203
1204:,6189713,1204
1205:,6189835,1205
1206:,6189935,1206
1207:,6190305,1207
1208:,6190696,1208
1209:,6193323,1209
1210:,6193639,1210
1211:,6195666,1211
1212:,6196072,1212
1213:,6196269,1213
1214:,6197553,1214
1215:,6197780,1215
1216:,6198279,1216
1217:,6201761,1217
1218:,6202193,1218
1219:,6204574,1219
1220:,6204787,1220
1221:,6339029,1221
1222:,6343117,1222
1223:,6345074,1223
1224:,6345516,1224
1225:,6352806,1225
1226:,6353303,1226
1227:,6356734,1227
1228:,6356868,1228
1229:,6357208,1229
1230:,6358524,1230
1231:,6359132,1231
1232:,6360268,1232
1233:,6360433,1233
1234:,6361005,1234
1235:,6364296,1235
1236:,6364418,1236
1237:,6366982,1237
1238:,6367756,1238
1239:,6369689,1239
1240:,6369832,1240
1241:,6370502,1241
1242:,6370798,1242
1243:,6370982,1243
1244:,6372390,1244
1245:,6372975,1245
1246:,6378338,1246
1247:,6378564,1247
1248:,6378640,1248
1249:,6379334,1249
1250:,6380462,1250
1251:,6386520,1251
1252:,6386919,1252
1253:,6389289,1253
1254:,6389470,1254
1255:,6390675,1255
1256:,6429713,1256
1257:,6441099,1257
1258:,6441230,1258
1259:,6441464,1259
1260:,6442152,1260
1261:,6444166,1261
1262:,6444309,1262
1263:,6450291,1263
1264:,6450681,1264
1265:,6459274,1265
1266:,6459523,1266
1267:,6462894,1267
1268:,6505008,1268
1269:,6505121,1269
1270:,6505308,1270
1271:,6507260,1271
1272:,6507674,1272
1273:,6508245,1273
1274:,6508640,1274
1275:,6512728,1275
1276:,6512864,1276
1277:,6514156,1277
1278:,6516892,1278
1279:,6518662,1279
1280:,6519140,1280
1281:,6519571,1281
1282:,6519698,1282
1283:,6522594,1283
1284:,6522871,1284
1285:,6522995,1285
1286:,6523222,1286
1287:,6523457,1287
1288:,6523728,1288
1289:,6523892,1289
1290:,6556725,1290
1291:,6557085,1291
1292:,6560121,1292
1293:,6562832,1293
1294:,6564841,1294
1295:,6565032,1295
1296:,6579533,1296
1297:,6580652,1297
1298:,6583831,1298
1299:,6586375,1299
1300:,6589362,1300
1301:,6595118,1301
1302:,6595489,1302
1303:,6595666,1303
1304:,6596240,1304
1305:,6596507,1305
1306:,6631534,1306
1307:,6632200,1307
1308:,6753408,1308
1309:,6753526,1309
1310:,6753602,1310
1311:,6754237,1311
1312:,6754371,1312
1313:,6754804,1313
1314:,6755292,1314
1315:,6779898,1315
1316:,6780131,1316
1317:,6781404,1317
1318:,6782834,1318
1319:,6784165,1319
1320:,6784637,1320
1321:,6784809,1321
1322:,6785001,1322
1323:,6785118,1323
1324:,6786202,1324
1325:,6831823,1325
1326:,6831988,1326
1327:,6832086,1327
1328:,6832288,1328
1329:,6832537,1329
1330:,6839994,1330
1331:,6840120,1331
1332:,6840233,1332
1333:,6840326,1333
1334:,6840599,1334
1335:,6840754,1335
1336:,6841729,1336
1337:,6851224,1337
1338:,6851333,1338
1339:,6851525,1339
1340:,6851655,1340
1341:,6851739,1341
1342:,6851897,1342
1343:,6852029,1343
1344:,6852161,1344
1345:,6852412,1345
1346:,6852543,1346
1347:,6854265,1347
1348:,6855075,1348
1349:,6855271,1349
1350:,6855413,1350
1351:,6856266,1351
1352:,6856512,1352
1353:,6857657,1353
1354:,6858581,1354
1355:,6858886,1355
1356:,6859450,1356
1357:,6859634,1357
1358:,6866033,1358
1359:,6866629,1359
1360:,6870606,1360
1361:,6871230,1361
1362:,6871384,1362
1363:,6871507,1363
1364:,6874795,1364
1365:,6879207,1365
1366:,6881054,1366
1367:,6881592,1367
1368:,6906473,1368
1369:,6906553,1369
1370:,6906742,1370
1371:,6920995,1371
1372:,6921183,1372
1373:,6922954,1373
1374:,6926195,1374
1375:,6926575,1375
1376:,6928467,1376
1377:,6928662,1377
1378:,6929469,1378
1379:,6929633,1379
1380:,6929725,1380
1381:,6929834,1381
1382:,6930438,1382
1383:,6930535,1383
1384:,6930594,1384
1385:,6934809,1385
1386:,6934917,1386
1387:,6935037,1387
1388:,6935557,1388
1389:,6935707,1389
1390:,6936915,1390
1391:,6937018,1391
1392:,6937694,1392
1393:,6941046,1393
1394:,6941292,1394
1395:,6954339,1395
1396:,6960470,1396
1397:,6960725,1397
1398:,6960810,1398
1399:,6961006,1399
1400:,6965859,1400
1401:,6966572,1401
1402:,6970548,1402
1403:,6971350,1403
1404:,6971680,1404
1405:,6971801,1405
1406:,6972308,1406
1407:,7046385,1407
1408:,7046589,1408
1409:,7058584,1409
1410:,7063851,1410
1411:,7063995,1411
1412:,7064073,1412
1413:,7067003,1413
1414:,7067887,1414
1415:,7068117,1415
1416:,7068221,1416
1417:,7068277,1417
1418:,7068405,1418
1419:,7069202,1419
1420:,7069314,1420
1421:,7069846,1421
1422:,7074027,1422
1423:,7074144,1423
1424:,7074647,1424
1425:,7075506,1425
1426:,7093633,1426
1427:,7094780,1427
1428:,7095006,1428
1429:,7208681,1429
1430:,7208777,1430
1431:,7208964,1431
1432:,7209116,1432
1433:,7211217,1433
1434:,7211420,1434
1435:,7212205,1435
1436:,7230464,1436
1437:,7230673,1437
1438:,7230789,1438
1439:,7231727,1439
1440:,7231833,1440
1441:,7231949,1441
1442:,7239670,1442
1443:,7239810,1443
1444:,7241187,1444
1445:,7241440,1445
1446:,7241499,1446
1447:,7242400,1447
1448:,7243913,1448
1449:,7244417,1449
1450:,7244567,1450
1451:,7246493,1451
1452:,7246843,1452
1453:,7247147,1453
1454:,7247571,1454
1455:,7247741,1455
1456:,7251601,1456
1457:,7251786,1457
1458:,7251902,1458
1459:,7252095,1459
1460:,7252463,1460
1461:,7253489,1461
1462:,7253709,1462
1463:,7254069,1463
1464:,7254190,1464
1465:,7254551,1465
1466:,7254768,1466
1467:,7296124,1467
1468:,7320214,1468
1469:,7320507,1469
1470:,7321013,1470
1471:,7419710,1471
1472:,7422612,1472
1473:,7422773,1473
1474:,7423080,1474
1475:,7423224,1475
1476:,7423464,1476
1477:,7435294,1477
1478:,7435494,1478
1479:,7435594,1479
1480:,7442194,1480
1481:,7442365,1481
1482:,7447026,1482
1483:,7463019,1483
1484:,7463193,1484
1485:,7463577,1485
1486:,7464989,1486
1487:,7465182,1487
1488:,7465389,1488
1489:,7466850,1489
1490:,7467330,1490
1491:,7467556,1491
1492:,7467859,1492
1493:,7468615,1493
1494:,7468751,1494
1495:,7468992,1495
1496:,7485676,1496
1497:,7485759,1497
1498:,7486171,1498
1499:,7486263,1499
1500:,7487176,1500
1501:,7488351,1501
1502:,7488784,1502
1503:,7498435,1503
1504:,7501788,1504
1505:,7502008,1505
1506:,7502393,1506
1507:,7503214,1507
1508:,7505098,1508
1509:,7505357,1509
1510:,7545511,1510
1511:,7545913,1511
1512:,7546390,1512
1513:,7546551,1513
1514:,7548822,1514
1515:,7551102,1515
1516:,7551456,1516
1517:,7551603,1517
1518:,7551682,1518
1519:,7562671,1519
1520:,7562773,1520
1521:,7563149,1521
1522:,7567390,1522
1523:,7567517,1523
1524:,7567867,1524
1525:,7569060,1525
1526:,7573709,1526
1527:,7574882,1527
1528:,7575098,1528
1529:,7579531,1529
1530:,7580144,1530
1531:,7588642,1531
1532:,7589573,1532
1533:,7599095,1533
1534:,7599399,1534
1535:,7599545,1535
1536:,7600182,1536
1537:,7600586,1537
1538:,7600731,1538
1539:,7600924,1539
1540:,7601191,1540
1541:,7601486,1541
1542:,7601774,1542
1543:,7716772,1543
1544:,7725590,1544
1545:,7725788,1545
1546:,7725917,1546
1547:,7726275,1547
1548:,7730359,1548
1549:,7730436,1549
1550:,7730821,1550
1551:,7731540,1551
1552:,7732067,1552
1553:,7736326,1553
1554:,7742585,1554
1555:,7742689,1555
1556:,7742875,1556
1557:,7743921,1557
1558:,7744350,1558
1559:,7752521,1559
1560:,7752883,1560
1561:,7753527,1561
1562:,7814547,1562
1563:,7814851,1563
1564:,7815493,1564
1565:,7816229,1565
1566:,7816480,1566
1567:,7816733,1567
1568:,7816833,1568
1569:,7816988,1569
1570:,7817212,1570
1571:,7817301,1571
1572:,7858143,1572
1573:,7858978,1573
1574:,7860708,1574
1575:,7860987,1575
1576:,7861308,1576
1577:,7861561,1577
1578:,7861655,1578
1579:,7880198,1579
1580:,7880705,1580
1581:,7881563,1581
1582:,7882764,1582
1583:,7894106,1583
1584:,7894319,1584
1585:,7894465,1585
1586:,7915825,1586
1587:,7916246,1587
1588:,7916393,1588
1589:,7916816,1589
1590:,7919850,1590
1591:,7962784,1591
1592:,7962844,1592
1593:,7963251,1593
1594:,7963924,1594
1595:,7966339,1595
1596:,7983451,1596
1597:,7984459,1597
1598:,7984690,1598
1599:,7985598,1599
1600:,7997077,1600
1601:,7999822,1601
1602:,8000058,1602
1603:,8005856,1603
1604:,8005981,1604
1605:,8008418,1605
1606:,8008627,1606
1607:,8010235,1607
1608:,8013219,1608
1609:,8013592,1609
1610:,8013827,1610
1611:,8018467,1611
1612:,8018692,1612
1613:,8018926,1613
1614:,8020178,1614
1615:,8020285,1615
1616:,8079423,1616
1617:,8080326,1617
1618:,8080979,1618
1619:,8087654,1619
1620:,8088699,1620
1621:,8089018,1621
1622:,8089200,1622
1623:,8090076,1623
1624:,8090330,1624
1625:,8090458,1625
1626:,8133977,1626
1627:,8134221,1627
1628:,8138765,1628
1629:,8139164,1629
1630:,8139981,1630
1631:,8140199,1631
1632:,8141323,1632
1633:,8154613,1633
1634:,8161808,1634
1635:,8162601,1635
1636:,8162703,1636
1637:,8162945,1637
1638:,8181392,1638
1639:,8183458,1639
1640:,8183783,1640
1641:,8183885,1641
1642:,8184066,1642
1643:,8222445,1643
1644:,8222599,1644
1645:,8223455,1645
1646:,8246249,1646
1647:,8255529,1647
1648:,8256435,1648
1649:,8257087,1649
1650:,8257168,1650
1651:,8309639,1651
1652:,8309971,1652
1653:,8312208,1653
1654:,8312354,1654
1655:,8313366,1655
1656:,8315949,1656
1657:,8318553,1657
1658:,8318741,1658
1659:,8319803,1659
1660:,8361850,1660
1661:,8364898,1661
1662:,8383984,1662
1663:,8384126,1663
1664:,8384276,1664
1665:,8386535,1665
1666:,8394907,1666
1667:,8398926,1667
1668:,8399520,1668
1669:,8404796,1669
1670:,8405078,1670
1671:,8405254,1671
1672:,8405334,1672
1673:,8405681,1673
1674:,8413607,1674
1675:,8414270,1675
1676:,8414415,1676
1677:,8414770,1677
1678:,8414872,1678
1679:,8415860,1679
1680:,8416795,1680
1681:,8416943,1681
1682:,8417158,1682
1683:,8443120,1683
1684:,8443807,1684
1685:,8444379,1685
1686:,8444454,1686
1687:,8445006,1687
1688:,8446586,1688
1689:,8446709,1689
1690:,8449376,1690
1691:,8449474,1691
1692:,8449947,1692
1693:,8459558,1693
1694:,8471984,1694
1695:,8474437,1695
1696:,8474692,1696
1697:,8474793,1697
1698:,8475609,1698
1699:,8475719,1699
1700:,8476501,1700
1701:,8503951,1701
1702:,8504102,1702
1703:,8504584,1703
1704:,8552775,1704
1705:,8557088,1705
1706:,8557358,1706
1707:,8557451,1707
1708:,8568670,1708
1709:,8576131,1709
1710:,8596168,1710
1711:,8596741,1711
1712:,8597173,1712
1713:,8597612,1713
1714:,8597903,1714
1715:,8597996,1715
1716:,8598470,1716
1717:,8598775,1717
1718:,8599092,1718
1719:,8599597,1719
1720:,8657962,1720
1721:,8658148,1721
1722:,8662123,1722
1723:,8663988,1723
1724:,8664546,1724
1725:,8664754,1725
1726:,8665410,1726
1727:,8665711,1727
1728:,8666575,1728
1729:,8670715,1729
1730:,8671470,1730
1731:,8672280,1731
1732:,8672476,1732
1733:,8672789,1733
1734:,8673695,1734
1735:,8676172,1735
1736:,8680288,1736
1737:,8680404,1737
1738:,8680810,1738
1739:,8681086,1739
1740:,8682744,1740
1741:,8682999,1741
1742:,8693605,1742
1743:,8693759,1743
1744:,8702348,1744
1745:,8775353,1745
1746:,8775663,1746
1747:,8786703,1747
1748:,8786833,1748
1749:,8787241,1749
1750:,8788561,1750
1751:,8788676,1751
1752:,8789093,1752
1753:,8789198,1753
1754:,8789315,1754
1755:,8854679,1755
1756:,8854833,1756
1757:,8859619,1757
1758:,8864349,1758
1759:,8864534,1759
1760:,8867550,1760
1761:,8870022,1761
1762:,8870261,1762
1763:,8870464,1763
1764:,8870603,1764
1765:,8870698,1765
1766:,8874265,1766
1767:,8876593,1767
1768:,8876690,1768
1769:,8878382,1769
1770:,8879185,1770
1771:,8903632,1771
1772:,8911675,1772
1773:,8911780,1773
1774:,8913024,1774
1775:,8913546,1775
1776:,8914661,1776
1777:,8915370,1777
1778:,8915735,1778
1779:,8917289,1779
1780:,8917386,1780
1781:,8919617,1781
1782:,8920432,1782
1783:,8921115,1783
1784:,8927266,1784
1785:,8927568,1785
1786:,8927668,1786
1787:,8928183,1787
1788:,8928689,1788
1789:,8933847,1789
1790:,8935190,1790
1791:,8940752,1791
1792:,8940857,1792
1793:,8951015,1793
1794:,8951452,1794
1795:,8954988,1795
1796:,8960014,1796
1797:,8960329,1797
1798:,8961166,1798
1799:,9074544,1799
1800:,9137354,1800
1801:,9142510,1801
1802:,9143875,1802
1803:,9145352,1803
1804:,9161181,1804
1805:,9166280,1805
1806:,9166396,1806
1807:,9166572,1807
1808:,9167789,1808
1809:,9167880,1809
1810:,9168202,1810
1811:,9225121,1811
1812:,9225209,1812
1813:,9225304,1813
1814:,9225433,1814
1815:,9227932,1815
1816:,9228132,1816
1817:,9233990,1817
1818:,9234988,1818
1819:,9236000,1819
1820:,9243527,1820
1821:,9243724,1821
1822:,9245662,1822
1823:,9245799,1823
1824:,9246081,1824
1825:,9246267,1825
1826:,9246776,1826
1827:,9246997,1827
1828:,9247251,1828
1829:,9247851,1829
1830:,9247954,1830
1831:,9248750,1831
1832:,9249065,1832
1833:,9281835,1833
1834:,9302979,1834
1835:,9305206,1835
1836:,9305305,1836
1837:,9305399,1837
1838:,9310534,1838
1839:,9311140,1839
1840:,9313405,1840
1841:,9315159,1841
1842:,9315252,1842
1843:,9316055,1843
1844:,9364060,1844
1845:,9369222,1845
1846:,9371636,1846
1847:,9371808,1847
1848:,9371894,1848
1849:,9374482,1849
1850:,9374616,1850
1851:,9374753,1851
1852:,9377074,1852
1853:,9377191,1853
1854:,9384101,1854
1855:,9396388,1855
1856:,9396640,1856
1857:,9399449,1857
1858:,9400290,1858
1859:,9400345,1859
1860:,9400498,1860
1861:,9406571,1861
1862:,9432284,1862
1863:,9441140,1863
1864:,9441342,1864
1865:,9441432,1865
1866:,9551592,1866
1867:,9556612,1867
1868:,9563946,1868
1869:,9564084,1869
1870:,9564272,1870
1871:,9564684,1871
1872:,9564788,1872
1873:,9564868,1873
1874:,9564980,1874
1875:,9565414,1875
1876:,9565748,1876
1877:,9565899,1877
1878:,9595653,1878
1879:,9597766,1879
1880:,9597955,1880
1881:,9598237,1881
1882:,9598359,1882
1883:,9600629,1883
1884:,9600776,1884
1885:,9614934,1885
1886:,9618367,1886
1887:,9618651,1887
1888:,9618985,1888
1889:,9619092,1889
1890:,9619785,1890
1891:,9641884,1891
1892:,9642628,1892
1893:,9643235,1893
1894:,9644107,1894
1895:,9644216,1895
1896:,9644598,1896
1897:,9644755,1897
1898:,9644879,1898
1899:,9645061,1899
1900:,9645138,1900
1901:,9645263,1901
1902:,9668112,1902
1903:,9688600,1903
1904:,9688863,1904
1905:,9689084,1905
1906:,9883026,1906
1907:,9883416,1907
1908:,9883652,1908
1909:,9883808,1909
1910:,9883969,1910
1911:,9884058,1911
1912:,9885776,1912
1913:,9888294,1913
1914:,9890107,1914
1915:,9890469,1915
1916:,9892224,1916
1917:,9892317,1917
1918:,9893872,1918
1919:,9921540,1919
1920:,9921669,1920
1921:,9921831,1921
1922:,9922076,1922
1923:,9923784,1923
1924:,9926330,1924
1925:,9926460,1925
1926:,9937264,1926
1927:,9938271,1927
1928:,9938461,1928
1929:,9938564,1929
1930:,9938768,1930
1931:,9938986,1931
1932:,9942874,1932
1933:,9943761,1933
1934:,9944400,1934
1935:,9944951,1935
1936:,9945714,1936
1937:,9945931,1937
1938:,9946431,1938
1939:,9946533,1939
1940:,9958168,1940
1941:,9958454,1941
1942:,9960253,1942
1943:,9960379,1943
1944:,9961084,1944
1945:,9961290,1945
1946:,9961815,1946
1947:,9962172,1947
1948:,9967002,1948
1949:,9967734,1949
1950:,9967921,1950
1951:,9968027,1951
1952:,9968278,1952
1953:,9968353,1953
1954:,9968427,1954
1955:,9968650,1955
1956:,9978938,1956
1957:,9981297,1957
1958:,9981399,1958
1959:,9981498,1959
1960:,9987286,1960
1961:,9987404,1961
1962:,9987614,1962
1963:,10133134,1963
1964:,10135607,1964
1965:,10135836,1965
1966:,10136772,1966
1967:,10136938,1967
1968:,10137795,1968
1969:,10138036,1969
1970:,10148643,1970
1971:,10148961,1971
1972:,10158025,1972
1973:,10165062,1973
1974:,10165721,1974
1975:,10186411,1975
1976:,10242152,1976
1977:,10249710,1977
1978:,10249885,1978
1979:,10250472,1979
1980:,10250561,1980
1981:,10250761,1981
1982:,10251393,1982
1983:,10251512,1983
1984:,10269204,1984
1985:,10269298,1985
1986:,10269543,1986
1987:,10269721,1987
1988:,10270836,1988
1989:,10271735,1989
1990:,10271903,1990
1991:,10272474,1991
1992:,10273918,1992
1993:,10274115,1993
1994:,10274264,1994
1995:,10276684,1995
1996:,10276834,1996
1997:,10277118,1997
1998:,10277409,1998
1999:,10279672,1999
2000:,10281213,2000
2001:,10319270,2001
2002:,10348759,2002
2003:,10348968,2003
2004:,10349149,2004
2005:,10349879,2005
2006:,10349976,2006
2007:,10351208,2007
2008:,10351463,2008
2009:,10352089,2009
2010:,10393527,2010
2011:,10394253,2011
2012:,10394596,2012
2013:,10413834,2013
2014:,10415058,2014
2015:,10415462,2015
2016:,10442908,2016
2017:,10469835,2017
2018:,10471598,2018
2019:,10472380,2019
2020:,10474381,2020
2021:,10475988,2021
2022:,10476185,2022
2023:,10477291,2023
2024:,10478649,2024
2025:,10479261,2025
2026:,10479591,2026
2027:,10480428,2027
2028:,10480568,2028
2029:,10481398,2029
2030:,10481639,2030
2031:,10481758,2031
2032:,10482002,2032
2033:,10482383,2033
2034:,10488818,2034
2035:,10489362,2035
2036:,10489501,2036
2037:,10489594,2037
2038:,10497953,2038
2039:,10498065,2039
2040:,10498470,2040
2041:,10507449,2041
2042:,10507563,2042
2043:,10507740,2043
2044:,10515612,2044
2045:,10515949,2045
2046:,10521731,2046
2047:,10522210,2047
2048:,10525211,2048
2049:,10526017,2049
2050:,10526180,2050
2051:,10526417,2051
2052:,10530211,2052
2053:,10530537,2053
2054:,10530870,2054
2055:,10531143,2055
2056:,10531634,2056
2057:,10532379,2057
2058:,10541928,2058
2059:,10542074,2059
2060:,10543870,2060
2061:,10544037,2061
2062:,10544139,2062
2063:,10544923,2063
2064:,10545977,2064
2065:,10546374,2065
2066:,10546458,2066
2067:,10546651,2067
2068:,10547400,2068
2069:,10548358,2069
2070:,10549353,2070
2071:,10549462,2071
2072:,10549560,2072
2073:,10565263,2073
2074:,10565387,2074
2075:,10567158,2075
2076:,10567385,2076
2077:,10567945,2077
2078:,10570310,2078
2079:,10578082,2079
2080:,10578238,2080
2081:,10580170,2081
2082:,10580894,2082
2083:,10580979,2083
2084:,10581282,2084
2085:,10581502,2085
2086:,10581822,2086
2087:,10582573,2087
2088:,10582730,2088
2089:,10582934,2089
2090:,10583220,2090
2091:,10583415,2091
2092:,10584010,2092
2093:,10584122,2093
2094:,10585918,2094
2095:,10586083,2095
2096:,10673473,2096
2097:,10674981,2097
2098:,10676111,2098
2099:,10677090,2099
2100:,10677530,2100
2101:,10678209,2101
2102:,10679270,2102
2103:,10687697,2103
2104:,10692222,2104
2105:,10697600,2105
2106:,10697812,2106
2107:,10698212,2107
2108:,10698464,2108
2109:,10699558,2109
2110:,10704665,2110
2111:,10704931,2111
2112:,10707437,2112
2113:,10795060,2113
2114:,10798554,2114
2115:,10809327,2115
2116:,10809437,2116
2117:,10810374,2117
2118:,10810502,2118
2119:,10810611,2119
2120:,10810742,2120
2121:,10811807,2121
2122:,10811963,2122
2123:,10917661,2123
2124:,10917842,2124
2125:,10917932,2125
2126:,10918070,2126
2127:,10918565,2127
2128:,10919872,2128
2129:,10964942,2129
2130:,10967255,2130
2131:,10969451,2131
2132:,10970369,2132
2133:,10972809,2133
2134:,10973343,2134
2135:,10973571,2135
2136:,10985782,2136
2137:,11004844,2137
2138:,11007567,2138
2139:,11007704,2139
2140:,11030037,2140
2141:,11034660,2141
2142:,11034983,2142
2143:,11035704,2143
2144:,11036001,2144
2145:,11038478,2145
2146:,11038621,2146
2147:,11039442,2147
2148:,11039660,2148
2149:,11039846,2149
2150:,11049572,2150
2151:,11051336,2151
2152:,11051585,2152
2153:,11214183,2153
2154:,11236631,2154
2155:,11236837,2155
2156:,11238541,2156
2157:,11239218,2157
2158:,11239314,2158
2159:,11239891,2159
2160:,11240277,2160
2161:,11240880,2161
2162:,11250316,2162
2163:,11267330,2163
2164:,11283966,2164
2165:,11286036,2165
2166:,11286464,2166
2167:,11286565,2167
2168:,11298827,2168
2169:,11300325,2169
2170:,11301035,2170
2171:,11301228,2171
2172:,11334937,2172
2173:,11357436,2173
2174:,11372112,2174
2175:,11385543,2175
2176:,11386626,2176
2177:,11390084,2177
2178:,11395228,2178
2179:,11434951,2179
2180:,11435055,2180
2181:,11436673,2181
2182:,11438725,2182
2183:,11446738,2183
2184:,11446954,2184
2185:,11447104,2185
2186:,11447296,2186
2187:,11508471,2187
2188:,11508593,2188
2189:,11514250,2189
2190:,11519347,2190
2191:,11519740,2191
2192:,11519825,2192
2193:,11551759,2193
2194:,11551973,2194
2195:,11552715,2195
2196:,11556935,2196
2197:,11557183,2197
2198:,11557389,2198
2199:,11558041,2199
2200:,11562989,2200
2201:,11641970,2201
2202:,11642061,2202
2203:,11642389,2203
2204:,11643827,2204
2205:,11644042,2205
2206:,11644723,2206
2207:,11645297,2207
2208:,11645536,2208
2209:,11645800,2209
2210:,11696003,2210
2211:,11696139,2211
2212:,11696371,2212
2213:,11711606,2213
2214:,11712805,2214
2215:,11713508,2215
2216:,11713655,2216
2217:,11717476,2217
2218:,11722126,2218
2219:,11725231,2219
2220:,11725360,2220
2221:,11726335,2221
2222:,11726710,2222
2223:,11726971,2223
2224:,11727575,2224
2225:,11727751,2225
2226:,11728015,2226
2227:,11729422,2227
2228:,11729519,2228
2229:,11733245,2229
2230:,11733783,2230
2231:,11734262,2231
2232:,11734395,2232
2233:,11734525,2233
2234:,11734667,2234
2235:,11734902,2235
2236:,11740611,2236
2237:,11741248,2237
2238:,11741819,2238
2239:,11741915,2239
2240:,11742840,2240
2241:,11743232,2241
2242:,11743352,2242
2243:,11743444,2243
2244:,11745124,2244
2245:,11745780,2245
2246:,11745864,2246
2247:,11746464,2247
2248:,11746608,2248
2249:,11746790,2249
2250:,11746998,2250
2251:,11747367,2251
2252:,11753615,2252
2253:,11783861,2253
2254:,11783997,2254
2255:,11800692,2255
2256:,11800861,2256
2257:,11805807,2257
2258:,11805928,2258
2259:,11806095,2259
2260:,11806786,2260
2261:,11807093,2261
2262:,11807300,2262
2263:,11809167,2263
2264:,11809340,2264
2265:,11809659,2265
2266:,11810436,2266
2267:,11813413,2267
2268:,11813604,2268
2269:,11813747,2269
2270:,11819448,2270
2271:,11819596,2271
2272:,11820982,2272
2273:,11821509,2273
2274:,11821646,2274
2275:,11821743,2275
2276:,11821831,2276
2277:,11823831,2277
2278:,11825609,2278
2279:,11825693,2279
2280:,11827448,2280
2281:,11827535,2281
2282:,11827800,2282
2283:,11828216,2283
2284:,11829096,2284
2285:,11839519,2285
2286:,11841476,2286
2287:,11841882,2287
2288:,11843977,2288
2289:,11845696,2289
2290:,11845943,2290
2291:,11897800,2291
2292:,11897859,2292
2293:,11898204,2293
2294:,11898814,2294
2295:,11899026,2295
2296:,11899160,2296
2297:,11900081,2297
2298:,11900379,2298
2299:,11900571,2299
2300:,11901614,2300
2301:,11904170,2301
2302:,11905322,2302
2303:,11909868,2303
2304:,11910199,2304
2305:,11913711,2305
2306:,11913978,2306
2307:,11915295,2307
2308:,11915522,2308
2309:,11915692,2309
2310:,11915836,2310
2311:,11917895,2311
2312:,11917990,2312
2313:,11918435,2313
2314:,11918551,2314
2315:,11930665,2315
2316:,11931474,2316
2317:,11933389,2317
2318:,11934623,2318
2319:,11934687,2319
2320:,11943923,2320
2321:,11944038,2321
2322:,11944352,2322
2323:,11945043,2323
2324:,11945291,2324
2325:,11946205,2325
2326:,11946720,2326
2327:,11954262,2327
2328:,11954448,2328
2329:,11956194,2329
2330:,11971627,2330
2331:,11971705,2331
2332:,11974619,2332
2333:,11984086,2333
2334:,11984928,2334
2335:,11985153,2335
2336:,11987101,2336
2337:,11987193,2337
2338:,11989728,2338
2339:,11993648,2339
2340:,11996067,2340
2341:,12009068,2341
2342:,12010074,2342
2343:,12099940,2343
2344:,12100029,2344
2345:,12100629,2345
2346:,12100719,2346
2347:,12103152,2347
2348:,12103264,2348
2349:,12123945,2349
2350:,12124070,2350
2351:,12127070,2351
2352:,12127715,2352
2353:,12130903,2353
2354:,12131023,2354
2355:,12131134,2355
2356:,12131314,2356
2357:,12134215,2357
2358:,12135049,2358
2359:,12135256,2359
2360:,12135971,2360
2361:,12165197,2361
2362:,12165356,2362
2363:,12173765,2363
2364:,12173971,2364
2365:,12174151,2365
2366:,12174584,2366
2367:,12177606,2367
2368:,12177669,2368
2369:,12178354,2369
2370:,12178579,2370
2371:,12181396,2371
2372:,12201993,2372
2373:,12339164,2373
2374:,12339313,2374
2375:,12340551,2375
2376:,12345987,2376
2377:,12362759,2377
2378:,12362911,2378
2379:,12363562,2379
2380:,12372893,2380
2381:,12382266,2381
2382:,12382511,2382
2383:,12382655,2383
2384:,12386150,2384
2385:,12387809,2385
2386:,12395496,2386
2387:,12401510,2387
2388:,12401608,2388
2389:,12405513,2389
2390:,12426143,2390
2391:,12426594,2391
2392:,12527783,2392
2393:,12527922,2393
2394:,12528201,2394
2395:,12531983,2395
2396:,12574827,2396
2397:,12574989,2397
2398:,12575535,2398
2399:,12576847,2399
2400:,12576969,2400
2401:,12596724,2401
2402:,12597105,2402
2403:,12597236,2403
2404:,12597969,2404
2405:,12598078,2405
2406:,12599970,2406
2407:,12600355,2407
2408:,12601447,2408
2409:,12606217,2409
2410:,12608837,2410
2411:,12610332,2411
2412:,12615035,2412
2413:,12615640,2413
2414:,12616235,2414
2415:,12617629,2415
2416:,12617756,2416
2417:,12617870,2417
2418:,12618015,2418
2419:,12620151,2419
2420:,12620272,2420
2421:,12622022,2421
2422:,12622137,2422
2423:,12634805,2423
2424:,12641319,2424
2425:,12642394,2425
2426:,12642587,2426
2427:,12642672,2427
2428:,12642816,2428
2429:,12642906,2429
2430:,12643293,2430
2431:,12691790,2431
2432:,12693429,2432
2433:,12694199,2433
2434:,12695634,2434
2435:,12695753,2435
2436:,12699995,2436
2437:,12700118,2437
2438:,12700259,2438
2439:,12700403,2439
2440:,12700579,2440
2441:,12703073,2441
2442:,12713156,2442
2443:,12713468,2443
2444:,12740609,2444
2445:,12740884,2445
2446:,12741287,2446
2447:,12741430,2447
2448:,12742097,2448
2449:,12745980,2449
2450:,12746304,2450
2451:,12746401,2451
2452:,12746590,2452
2453:,12896457,2453
2454:,12896695,2454
2455:,12897345,2455
2456:,12897480,2456
2457:,12917101,2457
2458:,12952000,2458
2459:,12952814,2459
2460:,12953123,2460
2461:,12964421,2461
2462:,12964652,2462
2463:,13014849,2463
2464:,13016494,2464
2465:,13022644,2465
2466:,13076838,2466
2467:,13076953,2467
2468:,13079350,2468
2469:,13079755,2469
2470:,13080204,2470
2471:,13134822,2471
2472:,13137380,2472
2473:,13138862,2473
2474:,13139520,2474
2475:,13139836,2475
2476:,13144028,2476
2477:,13144892,2477
2478:,13145290,2478
2479:,13154698,2479
2480:,13156174,2480
2481:,13156612,2481
2482:,13156742,2482
2483:,13165723,2483
2484:,13166036,2484
2485:,13166148,2485
2486:,13166760,2486
2487:,13167920,2487
2488:,13168119,2488
2489:,13168374,2489
2490:,13168507,2490
2491:,13168952,2491
2492:,13169184,2492
2493:,13169473,2493
2494:,13173431,2494
2495:,13173824,2495
2496:,13201904,2496
2497:,13202632,2497
2498:,13202813,2498
2499:,13205869,2499
2500:,13241900,2500
2501:,13242573,2501
2502:,13242739,2502
2503:,13242878,2503
2504:,13244187,2504
2505:,13244286,2505
2506:,13249908,2506
2507:,13250899,2507
2508:,13251024,2508
2509:,13251443,2509
2510:,13252250,2510
2511:,13253500,2511
2512:,13253937,2512
2513:,13258662,2513
2514:,13259932,2514
2515:,13260590,2515
2516:,13261050,2516
2517:,13261238,2517
2518:,13261661,2518
2519:,13268901,2519
2520:,13284817,2520
2521:,13286096,2521
2522:,13289897,2522
2523:,13290334,2523
2524:,13293586,2524
2525:,13295369,2525
2526:,13299472,2526
2527:,13299993,2527
2528:,13301968,2528
2529:,13311795,2529
2530:,13313013,2530
2531:,13313221,2531
2532:,13313426,2532
2533:,13326440,2533
2534:,13335372,2534
2535:,13335449,2535
2536:,13335548,2536
2537:,13335716,2537
2538:,13335779,2538
2539:,13336323,2539
2540:,13339029,2540
2541:,13339167,2541
2542:,13339459,2542
2543:,13340041,2543
2544:,13340200,2544
2545:,13340678,2545
2546:,13340805,2546
2547:,13341094,2547
2548:,13341534,2548
2549:,13350324,2549
2550:,13350488,2550
2551:,13350648,2551
2552:,13355877,2552
2553:,13356478,2553
2554:,13356659,2554
2555:,13385006,2555
2556:,13385200,2556
2557:,13385529,2557
2558:,13385850,2558
2559:,13393154,2559
2560:,13395062,2560
2561:,13395192,2561
2562:,13396086,2562
2563:,13396239,2563
2564:,13396388,2564
2565:,13396491,2565
2566:,13397597,2566
2567:,13405372,2567
2568:,13405875,2568
2569:,13407688,2569
2570:,13408071,2570
2571:,13408340,2571
2572:,13408487,2572
2573:,13416162,2573
2574:,13416261,2574
2575:,13424354,2575
2576:,13425213,2576
2577:,13425377,2577
2578:,13443823,2578
2579:,13485527,2579
2580:,13486036,2580
2581:,13566173,2581
2582:,13566463,2582
2583:,13566843,2583
2584:,13567126,2584
2585:,13567475,2585
2586:,13574578,2586
2587:,13574828,2587
2588:,13574907,2588
2589:,13575004,2589
2590:,13575723,2590
2591:,13581353,2591
2592:,13581538,2592
2593:,13581716,2593
2594:,13581883,2594
2595:,13618950,2595
2596:,13626959,2596
2597:,13627102,2597
2598:,13627550,2598
2599:,13627666,2599
2600:,13630091,2600
2601:,13630332,2601
2602:,13634804,2602
2603:,13634980,2603
2604:,13638429,2604
2605:,13638527,2605
2606:,13638856,2606
2607:,13639769,2607
2608:,13639995,2608
2609:,13640181,2609
2610:,13640281,2610
2611:,13641803,2611
2612:,13642021,2612
2613:,13729161,2613
2614:,13734364,2614
2615:,13734503,2615
2616:,13735095,2616
2617:,13735211,2617
2618:,13787160,2618
2619:,13787378,2619
2620:,13787489,2620
2621:,13787598,2621
2622:,13788128,2622
2623:,13791084,2623
2624:,13791890,2624
2625:,13792098,2625
2626:,13792663,2626
2627:,13792850,2627
2628:,13793029,2628
2629:,13793914,2629
2630:,13794059,2630
2631:,13794391,2631
2632:,13794830,2632
2633:,13794958,2633
2634:,13795750,2634
2635:,13795903,2635
2636:,13795998,2636
2637:,13796094,2637
2638:,13796172,2638
2639:,13798558,2639
2640:,13798654,2640
2641:,13809240,2641
2642:,13810223,2642
2643:,13810433,2643
2644:,13818533,2644
2645:,13819121,2645
2646:,13819794,2646
2647:,13819890,2647
2648:,13820955,2648
2649:,13821149,2649
2650:,13821779,2650
2651:,13822242,2651
2652:,13824669,2652
2653:,13825010,2653
2654:,13825238,2654
2655:,13828200,2655
2656:,13828371,2656
2657:,13829077,2657
2658:,13829272,2658
2659:,13830458,2659
2660:,13832904,2660
2661:,13913200,2661
2662:,13913702,2662
2663:,13918836,2663
2664:,13920264,2664
2665:,13920535,2665
2666:,13921100,2666
2667:,13921211,2667
2668:,13921324,2668
2669:,13923771,2669
2670:,13924066,2670
2671:,13924641,2671
2672:,13924876,2672
2673:,13925071,2673
2674:,13925961,2674
2675:,13928816,2675
2676:,13955261,2676
2677:,13955847,2677
2678:,13956616,2678
2679:,13957010,2679
2680:,13957306,2680
2681:,13976843,2681
2682:,13976956,2682
2683:,13977383,2683
2684:,13977579,2684
2685:,13979333,2685
2686:,13979956,2686
2687:,13981050,2687
2688:,13982808,2688
2689:,13983572,2689
2690:,13984429,2690
2691:,14013385,2691
2692:,14013934,2692
2693:,14015024,2693
2694:,14016325,2694
2695:,14016551,2695
2696:,14017199,2696
2697:,14017474,2697
2698:,14018322,2698
2699:,14026288,2699
2700:,14076642,2700
2701:,14076931,2701
2702:,14081866,2702
2703:,14082006,2703
2704:,14082095,2704
2705:,14082223,2705
2706:,14089098,2706
2707:,14089467,2707
2708:,14089539,2708
2709:,14091376,2709
2710:,14091477,2710
2711:,14091554,2711
2712:,14097053,2712
2713:,14103766,2713
2714:,14104290,2714
2715:,14104477,2715
2716:,14104726,2716
2717:,14105282,2717
2718:,14105392,2718
2719:,14105506,2719
2720:,14106125,2720
2721:,14106273,2721
2722:,14106584,2722
2723:,14106723,2723
2724:,14107125,2724
2725:,14109326,2725
2726:,14109399,2726
2727:,14110292,2727
2728:,14113496,2728
2729:,14113595,2729
2730:,14113864,2730
2731:,14114090,2731
2732:,14119982,2732
2733:,14122005,2733
2734:,14122593,2734
2735:,14153652,2735
2736:,14163401,2736
2737:,14163546,2737
2738:,14164650,2738
2739:,14166861,2739
2740:,14167288,2740
2741:,14167447,2741
2742:,14167630,2742
2743:,14167761,2743
2744:,14228549,2744
2745:,14228608,2745
2746:,14228688,2746
2747:,14229045,2747
2748:,14229601,2748
2749:,14229735,2749
2750:,14231772,2750
2751:,14232096,2751
2752:,14249770,2752
2753:,14249965,2753
2754:,14250386,2754
2755:,14252151,2755
2756:,14268245,2756
2757:,14269986,2757
2758:,14282913,2758
2759:,14283874,2759
2760:,14284046,2760
2761:,14284425,2761
2762:,14284520,2762
2763:,14287776,2763
2764:,14288464,2764
2765:,14288559,2765
2766:,14288713,2766
2767:,14288808,2767
2768:,14289335,2768
2769:,14290110,2769
2770:,14292458,2770
2771:,14292686,2771
2772:,14305892,2772
2773:,14306340,2773
2774:,14306764,2774
2775:,14306876,2775
2776:,14318497,2776
2777:,14319377,2777
2778:,14319526,2778
2779:,14321508,2779
2780:,14343435,2780
2781:,14363015,2781
2782:,14363137,2782
2783:,14498739,2783
2784:,14518750,2784
2785:,14519455,2785
2786:,14519564,2786
2787:,14519694,2787
2788:,14520512,2788
2789:,14520582,2789
2790:,14521696,2790
2791:,14521784,2791
2792:,14523904,2792
2793:,14524088,2793
2794:,14524391,2794
2795:,14525286,2795
2796:,14530387,2796
2797:,14533335,2797
2798:,14533864,2798
2799:,14536020,2799
2800:,14536086,2800
2801:,14601787,2801
2802:,14603283,2802
2803:,14603639,2803
2804:,14623525,2804
2805:,14628730,2805
2806:,14628777,2806
2807:,14629180,2807
2808:,14629314,2808
2809:,14630632,2809
2810:,14652268,2810
2811:,14652401,2811
2812:,14653126,2812
2813:,14653633,2813
2814:,14666541,2814
2815:,14667799,2815
2816:,14667892,2816
2817:,14668571,2817
2818:,14668786,2818
2819:,14668933,2819
2820:,14669291,2820
2821:,14669418,2821
2822:,14669569,2822
2823:,14669845,2823
2824:,14673320,2824
2825:,14673429,2825
2826:,14674170,2826
2827:,14674518,2827
2828:,14674933,2828
2829:,14677019,2829
2830:,14677136,2830
2831:,14677278,2831
2832:,14681062,2832
2833:,14681181,2833
2834:,14681392,2834
2835:,14683882,2835
2836:,14683989,2836
2837:,14684250,2837
2838:,14684433,2838
2839:,14684931,2839
2840:,14685296,2840
2841:,14685512,2841
2842:,14686339,2842
2843:,14686622,2843
2844:,14688078,2844
2845:,14688285,2845
2846:,14689037,2846
2847:,14689176,2847
2848:,14692746,2848
2849:,14710148,2849
2850:,14710750,2850
2851:,14710832,2851
2852:,14733652,2852
2853:,14735521,2853
2854:,14736543,2854
2855:,14736682,2855
2856:,14737126,2856
2857:,14737634,2857
2858:,14739075,2858
2859:,14739469,2859
2860:,14739829,2860
2861:,14739922,2861
2862:,14743577,2862
2863:,14872024,2863
2864:,14872320,2864
2865:,14872490,2865
2866:,14876463,2866
2867:,14898879,2867
2868:,14899753,2868
2869:,14905323,2869
2870:,14905847,2870
2871:,14907649,2871
2872:,14907970,2872
2873:,14913026,2873
2874:,14917655,2874
2875:,15001505,2875
2876:,15002227,2876
2877:,15010480,2877
2878:,15010719,2878
2879:,15011463,2879
2880:,15011561,2880
2881:,15013494,2881
2882:,15014007,2882
2883:,15019171,2883
2884:,15019532,2884
2885:,15021205,2885
2886:,15021869,2886
2887:,15022417,2887
2888:,15022520,2888
2889:,15022922,2889
2890:,15026583,2890
2891:,15053415,2891
2892:,15054279,2892
2893:,15054710,2893
2894:,15055974,2894
2895:,15056101,2895
2896:,15056597,2896
2897:,15058142,2897
2898:,15065315,2898
2899:,15065946,2899
2900:,15073810,2900
2901:,15080824,2901
2902:,15081027,2902
2903:,15081240,2903
2904:,15081934,2904
2905:,15082081,2905
2906:,15097442,2906
2907:,15097746,2907
2908:,15098199,2908
2909:,15100331,2909
2910:,15100508,2910
2911:,15101074,2911
2912:,15101286,2912
2913:,15103823,2913
2914:,15211267,2914
2915:,15211347,2915
2916:,15211499,2916
2917:,15219604,2917
2918:,15219712,2918
2919:,15219925,2919
2920:,15220214,2920
2921:,15234455,2921
2922:,15237933,2922
2923:,15277958,2923
2924:,15278221,2924
2925:,15278382,2925
2926:,15278700,2926
2927:,15278812,2927
2928:,15280765,2928
2929:,15281728,2929
2930:,15281950,2930
2931:,15282070,2931
2932:,15282944,2932
2933:,15283406,2933
2934:,15283604,2934
2935:,15283707,2935
2936:,15283962,2936
2937:,15284064,2937
2938:,15284929,2938
2939:,15306297,2939
2940:,15307793,2940
2941:,15316585,2941
2942:,15316862,2942
2943:,15336099,2943
2944:,15336429,2944
2945:,15342212,2945
2946:,15347141,2946
2947:,15347274,2947
2948:,15347381,2948
2949:,15347507,2949
2950:,15349566,2950
2951:,15351348,2951
2952:,15351652,2952
2953:,15351810,2953
2954:,15399622,2954
2955:,15403876,2955
2956:,15417622,2956
2957:,15418110,2957
2958:,15418223,2958
2959:,15419239,2959
2960:,15419362,2960
2961:,15455049,2961
2962:,15455404,2962
2963:,15456756,2963
2964:,15456904,2964
2965:,15457203,2965
2966:,15469706,2966
2967:,15469843,2967
2968:,15471990,2968
2969:,15472786,2969
2970:,15472853,2970
2971:,15473026,2971
2972:,15473548,2972
2973:,15475594,2973
2974:,15475843,2974
2975:,15479017,2975
2976:,15479232,2976
2977:,15480202,2977
2978:,15480758,2978
2979:,15480860,2979
2980:,15481014,2980
2981:,15482888,2981
2982:,15487985,2982
2983:,15488543,2983
2984:,15488788,2984
2985:,15489529,2985
2986:,15490103,2986
2987:,15492422,2987
2988:,15492591,2988
2989:,15495826,2989
2990:,15498851,2990
2991:,15499022,2991
2992:,15499117,2992
2993:,15543413,2993
2994:,15543666,2994
2995:,15544922,2995
2996:,15545146,2996
2997:,15545392,2997
2998:,15545723,2998
2999:,15545830,2999
3000:,15546024,3000
3001:,15547726,3001
3002:,15547848,3002
3003:,15548005,3003
3004:,15549875,3004
3005:,15550301,3005
3006:,15552551,3006
3007:,15552952,3007
3008:,15553479,3008
3009:,15553609,3009
3010:,15557789,3010
3011:,15558812,3011
3012:,15559672,3012
3013:,15560944,3013
3014:,15569184,3014
3015:,15569410,3015
3016:,15591609,3016
3017:,15591797,3017
3018:,15621911,3018
3019:,15622439,3019
3020:,15622592,3020
3021:,15624003,3021
3022:,15629593,3022
3023:,15629797,3023
3024:,15631837,3024
3025:,15632141,3025
3026:,15633081,3026
3027:,15634565,3027
3028:,15634746,3028
3029:,15635099,3029
3030:,15636251,3030
3031:,15642248,3031
3032:,15642582,3032
3033:,15642731,3033
3034:,15642952,3034
3035:,15643252,3035
3036:,15646145,3036
3037:,15646222,3037
3038:,15646437,3038
3039:,15646781,3039
3040:,15647644,3040
3041:,15647938,3041
3042:,15648047,3042
3043:,15648165,3043
3044:,15651310,3044
3045:,15651491,3045
3046:,15651712,3046
3047:,15667182,3047
3048:,15675165,3048
3049:,15675631,3049
3050:,15675964,3050
3051:,15676052,3051
3052:,15676530,3052
3053:,15676733,3053
3054:,15677056,3054
3055:,15682752,3055
3056:,15683196,3056
3057:,15683324,3057
3058:,15684713,3058
3059:,15705715,3059
3060:,15705826,3060
3061:,15706132,3061
3062:,15706346,3062
3063:,15707387,3063
3064:,15708084,3064
3065:,15708452,3065
3066:,15709263,3066
3067:,15709361,3067
3068:,15709494,3068
3069:,15709755,3069
3070:,15709840,3070
3071:,15710076,3071
3072:,15728487,3072
3073:,15729787,3073
3074:,15730887,3074
3075:,15731045,3075
3076:,15731479,3076
3077:,15732686,3077
3078:,15734719,3078
3079:,15755938,3079
3080:,15823514,3080
3081:,15823775,3081
3082:,15824944,3082
3083:,15832846,3083
3084:,15832917,3084
3085:,15837682,3085
3086:,15866484,3086
3087:,15870627,3087
3088:,15870777,3088
3089:,15870913,3089
3090:,15871197,3090
3091:,15874959,3091
3092:,15875458,3092
3093:,15875876,3093
3094:,15881799,3094
3095:,15882035,3095
3096:,15885329,3096
3097:,15885655,3097
3098:,15885754,3098
3099:,15910030,3099
3100:,15910113,3100
3101:,15910199,3101
3102:,15910806,3102
3103:,15915800,3103
3104:,15916167,3104
3105:,15916524,3105
3106:,15916799,3106
3107:,16052231,3107
3108:,16053737,3108
3109:,16053887,3109
3110:,16053953,3110
3111:,16054062,3111
3112:,16055671,3112
3113:,16056350,3113
3114:,16077000,3114
3115:,16077348,3115
3116:,16077530,3116
3117:,16079150,3117
3118:,16079596,3118
3119:,16079729,3119
3120:,16080501,3120
3121:,16082940,3121
3122:,16083314,3122
3123:,16085033,3123
3124:,16085405,3124
3125:,16090299,3125
3126:,16090823,3126
3127:,16091324,3127
3128:,16091944,3128
3129:,16111308,3129
3130:,16112679,3130
3131:,16112954,3131
3132:,16113074,3132
3133:,16113155,3133
3134:,16113907,3134
3135:,16114860,3135
3136:,16120909,3136
3137:,16121262,3137
3138:,16121390,3138
3139:,16164118,3139
3140:,16165064,3140
3141:,16165178,3141
3142:,16165522,3142
3143:,16165919,3143
3144:,16167089,3144
3145:,16167280,3145
3146:,16168852,3146
3147:,16169209,3147
3148:,16173603,3148
3149:,16209867,3149
3150:,16210432,3150
3151:,16219408,3151
3152:,16335771,3152
3153:,16337509,3153
3154:,16355295,3154
3155:,16355468,3155
3156:,16356093,3156
3157:,16356255,3157
3158:,16356969,3158
3159:,16357224,3159
3160:,16360059,3160
3161:,16366204,3161
3162:,16392359,3162
3163:,16392445,3163
3164:,16393647,3164
3165:,16394006,3165
3166:,16423769,3166
3167:,16424091,3167
3168:,16424214,3168
3169:,16444163,3169
3170:,16444494,3170
3171:,16448453,3171
3172:,16448612,3172
3173:,16449261,3173
3174:,16449581,3174
3175:,16456894,3175
3176:,16457418,3176
3177:,16458310,3177
3178:,16459000,3178
3179:,16459132,3179
3180:,16459220,3180
3181:,16459566,3181
3182:,16463271,3182
3183:,16476955,3183
3184:,16479295,3184
3185:,16480779,3185
3186:,16481310,3186
3187:,16481615,3187
3188:,16482457,3188
3189:,16483046,3189
3190:,16483131,3190
3191:,16485572,3191
3192:,16485658,3192
3193:,16492356,3193
3194:,16492521,3194
3195:,16492770,3195
3196:,16493173,3196
3197:,16494577,3197
3198:,16525986,3198
3199:,16556322,3199
3200:,16556412,3200
3201:,16556954,3201
3202:,16557215,3202
3203:,16557637,3203
3204:,16557736,3204
3205:,16558129,3205
3206:,16558231,3206
3207:,16558367,3207
3208:,16562006,3208
3209:,16563972,3209
3210:,16564724,3210
3211:,16567564,3211
3212:,16567768,3212
3213:,16571255,3213
3214:,16571370,3214
3215:,16571491,3215
3216:,16572669,3216
3217:,16587296,3217
3218:,16588024,3218
3219:,16588384,3219
3220:,16588655,3220
3221:,16591772,3221
3222:,16593476,3222
3223:,16611659,3223
3224:,16620926,3224
3225:,16630196,3225
3226:,16640698,3226
3227:,16650131,3227
3228:,16651418,3228
3229:,16651910,3229
3230:,16653849,3230
3231:,16653990,3231
3232:,16654635,3232
3233:,16663599,3233
3234:,16663809,3234
3235:,16663927,3235
3236:,16664081,3236
3237:,16664785,3237
3238:,16667098,3238
3239:,16667392,3239
3240:,16688666,3240
3241:,16689488,3241
3242:,16689721,3242
3243:,16691915,3243
3244:,16692352,3244
3245:,16692589,3245
3246:,16693113,3246
3247:,16693385,3247
3248:,16693988,3248
3249:,16694467,3249
3250:,16695316,3250
3251:,16695535,3251
3252:,16695633,3252
3253:,16695877,3253
3254:,16711916,3254
3255:,16774545,3255
3256:,16775163,3256
3257:,16804021,3257
3258:,16804126,3258
3259:,16804901,3259
3260:,16805012,3260
3261:,16805296,3261
3262:,16805458,3262
3263:,16806955,3263
3264:,16807659,3264
3265:,16809608,3265
3266:,16827388,3266
3267:,16829336,3267
3268:,16847906,3268
3269:,16850826,3269
3270:,16862089,3270
3271:,16862307,3271
3272:,16862540,3272
3273:,16864298,3273
3274:,16865166,3274
3275:,16891391,3275
3276:,16902926,3276
3277:,16907771,3277
3278:,16907960,3278
3279:,16908885,3279
3280:,16909192,3280
3281:,16909352,3281
3282:,16909743,3282
3283:,17027014,3283
3284:,17028163,3284
3285:,17028267,3285
3286:,17043442,3286
3287:,17044019,3287
3288:,17044749,3288
3289:,17045148,3289
3290:,17045702,3290
3291:,17117317,3291
3292:,17117815,3292
3293:,17118120,3293
3294:,17118504,3294
3295:,17118607,3295
3296:,17121868,3296
3297:,17121990,3297
3298:,17122113,3298
3299:,17122231,3299
3300:,17122633,3300
3301:,17122726,3301
3302:,17125588,3302
3303:,17125732,3303
3304:,17126498,3304
3305:,17126768,3305
3306:,17128307,3306
3307:,17130042,3307
3308:,17130343,3308
3309:,17130459,3309
3310:,17141429,3310
3311:,17152310,3311
3312:,17152524,3312
3313:,17169957,3313
3314:,17172218,3314
3315:,17174822,3315
3316:,17207689,3316
3317:,17209129,3317
3318:,17209928,3318
3319:,17210370,3319
3320:,17210696,3320
3321:,17284492,3321
3322:,17288629,3322
3323:,17288721,3323
3324:,17290224,3324
3325:,17293166,3325
3326:,17293924,3326
3327:,17309891,3327
3328:,17310286,3328
3329:,17310349,3329
3330:,17310543,3330
3331:,17311113,3331
3332:,17318008,3332
3333:,17318963,3333
3334:,17408678,3334
3335:,17410340,3335
3336:,17411583,3336
3337:,17412173,3337
3338:,17412332,3338
3339:,17412598,3339
3340:,17412728,3340
3341:,17413185,3341
3342:,17413259,3342
3343:,17422305,3343
3344:,17423120,3344
3345:,17423224,3345
3346:,17423624,3346
3347:,17423770,3347
3348:,17439970,3348
3349:,17442541,3349
3350:,17442707,3350
3351:,17465622,3351
3352:,17465785,3352
3353:,17465900,3353
3354:,17466059,3354
3355:,17467793,3355
3356:,17491123,3356
3357:,17491316,3357
3358:,17492232,3358
3359:,17492368,3359
3360:,17492485,3360
3361:,17492654,3361
3362:,17492786,3362
3363:,17493113,3363
3364:,17493194,3364
3365:,17513290,3365
3366:,17513647,3366
3367:,17514010,3367
3368:,17515359,3368
3369:,17593573,3369
3370:,17598486,3370
3371:,17598604,3371
3372:,17673745,3372
3373:,17674140,3373
3374:,17674477,3374
3375:,17675636,3375
3376:,17677079,3376
3377:,17679436,3377
3378:,17679566,3378
3379:,17679846,3379
3380:,17688458,3380
3381:,17688820,3381
3382:,17689007,3382
3383:,17689483,3383
3384:,17689701,3384
3385:,17691135,3385
3386:,17743451,3386
3387:,17743764,3387
3388:,17744336,3388
3389:,17744882,3389
3390:,17745514,3390
3391:,17746777,3391
3392:,17752127,3392
3393:,17752242,3393
3394:,17752511,3394
3395:,17755378,3395
3396:,17755463,3396
3397:,17755573,3397
3398:,17761959,3398
3399:,17765120,3399
3400:,17765275,3400
3401:,17765397,3401
3402:,17765800,3402
3403:,17766775,3403
3404:,17769662,3404
3405:,17772539,3405
3406:,17775632,3406
3407:,17775863,3407
3408:,17775980,3408
3409:,17780565,3409
3410:,17780682,3410
3411:,17782813,3411
3412:,17783284,3412
3413:,17783408,3413
3414:,17783881,3414
3415:,17803156,3415
3416:,17803410,3416
3417:,17806271,3417
3418:,17806561,3418
3419:,17849983,3419
3420:,17851417,3420
3421:,17855633,3421
3422:,17857259,3422
3423:,17860320,3423
3424:,17867977,3424
3425:,17868413,3425
3426:,17868913,3426
3427:,17869384,3427
3428:,18006235,3428
3429:,18006398,3429
3430:,18006536,3430
3431:,18006764,3431
3432:,18007034,3432
3433:,18007929,3433
3434:,18066079,3434
3435:,18083547,3435
3436:,18083641,3436
3437:,18083737,3437
3438:,18095586,3438
3439:,18096817,3439
3440:,18101567,3440
3441:,18101675,3441
3442:,18111671,3442
3443:,18112795,3443
3444:,18113084,3444
3445:,18123112,3445
3446:,18123248,3446
3447:,18158376,3447
3448:,18158487,3448
3449:,18158608,3449
3450:,18159670,3450
3451:,18160032,3451
3452:,18163500,3452
3453:,18163708,3453
3454:,18169458,3454
3455:,18169583,3455
3456:,18170657,3456
3457:,18177907,3457
3458:,18178064,3458
3459:,18178397,3459
3460:,18178556,3460
3461:,18178726,3461
3462:,18179958,3462
3463:,18180050,3463
3464:,18227029,3464
3465:,18228498,3465
3466:,18228658,3466
3467:,18255799,3467
3468:,18256164,3468
3469:,18256286,3469
3470:,18261944,3470
3471:,18262706,3471
3472:,18263384,3472
3473:,18263856,3473
3474:,18264021,3474
3475:,18264152,3475
3476:,18266767,3476
3477:,18267450,3477
3478:,18267890,3478
3479:,18283283,3479
3480:,18283483,3480
3481:,18286377,3481
3482:,18290447,3482
3483:,18291112,3483
3484:,18291276,3484
3485:,18291583,3485
3486:,18291757,3486
3487:,18292752,3487
3488:,18300050,3488
3489:,18300253,3489
3490:,18324661,3490
3491:,18324994,3491
3492:,18327811,3492
3493:,18328576,3493
3494:,18328757,3494
3495:,18329602,3495
3496:,18332426,3496
3497:,18338941,3497
3498:,18339092,3498
3499:,18339331,3499
3500:,18339497,3500
3501:,18346175,3501
3502:,18346297,3502
3503:,18346408,3503
3504:,18346575,3504
3505:,18346730,3505
3506:,18351543,3506
3507:,18358533,3507
3508:,18358722,3508
3509:,18358891,3509
3510:,18360879,3510
3511:,18368668,3511
3512:,18368775,3512
3513:,18369208,3513
3514:,18378333,3514
3515:,18378473,3515
3516:,18386544,3516
3517:,18386623,3517
3518:,18386951,3518
3519:,18387020,3519
3520:,18387296,3520
3521:,18387693,3521
3522:,18394961,3522
3523:,18417813,3523
3524:,18426882,3524
3525:,18428165,3525
3526:,18430493,3526
3527:,18442304,3527
3528:,18442863,3528
3529:,18443061,3529
3530:,18445787,3530
3531:,18447066,3531
3532:,18447365,3532
3533:,18450656,3533
3534:,18451972,3534
3535:,18452747,3535
3536:,18465737,3536
3537:,18466176,3537
3538:,18466460,3538
3539:,18526932,3539
3540:,18527302,3540
3541:,18527492,3541
3542:,18557552,3542
3543:,18563556,3543
3544:,18563805,3544
3545:,18580620,3545
3546:,18581212,3546
3547:,18582519,3547
3548:,18582592,3548
3549:,18582718,3549
3550:,18582847,3550
3551:,18583051,3551
3552:,18597259,3552
3553:,18597479,3553
3554:,18597586,3554
3555:,18598070,3555
3556:,18598296,3556
3557:,18598399,3557
3558:,18600709,3558
3559:,18600820,3559
3560:,18603189,3560
3561:,18603625,3561
3562:,18603996,3562
3563:,18604126,3563
3564:,18611120,3564
3565:,18611449,3565
3566:,18614323,3566
3567:,18614466,3567
3568:,18619399,3568
3569:,18620015,3569
3570:,18621023,3570
3571:,18623308,3571
3572:,18631491,3572
3573:,18631621,3573
3574:,18637274,3574
3575:,18637946,3575
3576:,18638112,3576
3577:,18638455,3577
3578:,18638575,3578
3579:,18638655,3579
3580:,18674113,3580
3581:,18674236,3581
3582:,18678585,3582
3583:,18683961,3583
3584:,18688220,3584
3585:,18688523,3585
3586:,18688814,3586
3587:,18688908,3587
3588:,18692039,3588
3589:,18692428,3589
3590:,18692531,3590
3591:,18697242,3591
3592:,18698365,3592
3593:,18698481,3593
3594:,18703679,3594
3595:,18703784,3595
3596:,18706443,3596
3597:,18707000,3597
3598:,18707100,3598
3599:,18707499,3599
3600:,18710435,3600
3601:,18710805,3601
3602:,18711011,3602
3603:,18711128,3603
3604:,18711231,3604
3605:,18711552,3605
3606:,18786382,3606
3607:,18787009,3607
3608:,18787147,3608
3609:,18793460,3609
3610:,18793617,3610
3611:,18868766,3611
3612:,18895174,3612
3613:,18908527,3613
3614:,18909603,3614
3615:,18909839,3615
3616:,18912957,3616
3617:,18913464,3617
3618:,18936639,3618
3619:,18936743,3619
3620:,18937021,3620
3621:,18937140,3621
3622:,18937271,3622
3623:,18938939,3623
3624:,18943725,3624
3625:,19083154,3625
3626:,19084670,3626
3627:,19114614,3627
3628:,19114730,3628
3629:,19115023,3629
3630:,19115238,3630
3631:,19115452,3631
3632:,19115931,3632
3633:,19116064,3633
3634:,19116738,3634
3635:,19117771,3635
3636:,19117959,3636
3637:,19118088,3637
3638:,19118201,3638
3639:,19201882,3639
3640:,19202131,3640
3641:,19206084,3641
3642:,19206392,3642
3643:,19208530,3643
3644:,19208822,3644
3645:,19208909,3645
3646:,19209132,3646
3647:,19209835,3647
3648:,19209939,3648
3649:,19249798,3649
3650:,19254917,3650
3651:,19291659,3651
3652:,19292120,3652
3653:,19292717,3653
3654:,19292861,3654
3655:,19293579,3655
3656:,19294006,3656
3657:,19294049,3657
3658:,19296337,3658
3659:,19296501,3659
3660:,19297477,3660
3661:,19297613,3661
3662:,19297713,3662
3663:,19299865,3663
3664:,19299981,3664
3665:,19300278,3665
3666:,19300576,3666
3667:,19301497,3667
3668:,19302690,3668
3669:,19307536,3669
3670:,19307664,3670
3671:,19327464,3671
3672:,19327784,3672
3673:,19330789,3673
3674:,19331296,3674
3675:,19331871,3675
3676:,19332711,3676
3677:,19332898,3677
3678:,19333387,3678
3679:,19334140,3679
3680:,19335034,3680
3681:,19352487,3681
3682:,19352798,3682
3683:,19353196,3683
3684:,19353339,3684
3685:,19395880,3685
3686:,19398084,3686
3687:,19400261,3687
3688:,19400983,3688
3689:,19401272,3689
3690:,19421140,3690
3691:,19422444,3691
3692:,19422773,3692
3693:,19422881,3693
3694:,19422929,3694
3695:,19423087,3695
3696:,19423216,3696
3697:,19425296,3697
3698:,19425411,3698
3699:,19425550,3699
3700:,19426225,3700
3701:,19427075,3701
3702:,19431231,3702
3703:,19431609,3703
3704:,19436424,3704
3705:,19436778,3705
3706:,19437064,3706
3707:,19437316,3707
3708:,19437509,3708
3709:,19438391,3709
3710:,19438736,3710
3711:,19442167,3711
3712:,19442290,3712
3713:,19442658,3713
3714:,19492628,3714
3715:,19495603,3715
3716:,19515812,3716
3717:,19519274,3717
3718:,19519718,3718
3719:,19520261,3719
3720:,19521216,3720
3721:,19521662,3721
3722:,19522276,3722
3723:,19522488,3723
3724:,19522703,3724
3725:,19523378,3725
3726:,19533849,3726
3727:,19534003,3727
3728:,19534216,3728
3729:,19555052,3729
3730:,19555298,3730
3731:,19595490,3731
3732:,19595579,3732
3733:,19595736,3733
3734:,19598361,3734
3735:,19600067,3735
3736:,19600822,3736
3737:,19609405,3737
3738:,19610398,3738
3739:,19610503,3739
3740:,19611181,3740
3741:,19618100,3741
3742:,19618530,3742
3743:,19635254,3743
3744:,19639572,3744
3745:,19639757,3745
3746:,19640474,3746
3747:,19641972,3747
3748:,19643061,3748
3749:,19643183,3749
3750:,19644262,3750
3751:,19644656,3751
3752:,19645443,3752
3753:,19645679,3753
3754:,19645814,3754
3755:,19645954,3755
3756:,19646195,3756
3757:,19739437,3757
3758:,19740253,3758
3759:,19746949,3759
3760:,19748284,3760
3761:,19748777,3761
3762:,19748973,3762
3763:,19749093,3763
3764:,19751115,3764
3765:,19751195,3765
3766:,19754585,3766
3767:,19756852,3767
3768:,19757161,3768
3769:,19759879,3769
3770:,19763212,3770
3771:,19763375,3771
3772:,19763508,3772
3773:,19764280,3773
3774:,19766374,3774
3775:,19766682,3775
3776:,19768670,3776
3777:,19768851,3777
3778:,19773083,3778
3779:,19774606,3779
3780:,19775076,3780
3781:,19775251,3781
3782:,19775988,3782
3783:,19827611,3783
3784:,19828394,3784
3785:,19829910,3785
3786:,19830052,3786
3787:,19830168,3787
3788:,19842593,3788
3789:,19842734,3789
3790:,19843386,3790
3791:,19843444,3791
3792:,19843935,3792
3793:,19844325,3793
3794:,19844470,3794
3795:,19845731,3795
3796:,19845906,3796
3797:,19852349,3797
3798:,19852797,3798
3799:,19891312,3799
3800:,19891472,3800
3801:,19891655,3801
3802:,19899274,3802
3803:,19899630,3803
3804:,19900098,3804
3805:,19901126,3805
3806:,19901255,3806
3807:,19901384,3807
3808:,19904218,3808
3809:,19905566,3809
3810:,19907354,3810
3811:,19910784,3811
3812:,19911313,3812
3813:,19913404,3813
3814:,19913807,3814
3815:,19924702,3815
3816:,19925592,3816
3817:,19930178,3817
3818:,19958736,3818
3819:,19958936,3819
3820:,19959283,3820
3821:,19959966,3821
3822:,19960357,3822
3823:,19960562,3823
3824:,19960856,3824
3825:,19992270,3825
3826:,20096903,3826
3827:,20107201,3827
3828:,20107556,3828
3829:,20109488,3829
3830:,20109759,3830
3831:,20112606,3831
3832:,20112720,3832
3833:,20112865,3833
3834:,20115406,3834
3835:,20115634,3835
3836:,20125326,3836
3837:,20125528,3837
3838:,20125998,3838
3839:,20126665,3839
3840:,20126888,3840
3841:,20144848,3841
3842:,20146997,3842
3843:,20147590,3843
3844:,20147709,3844
3845:,20147805,3845
3846:,20147929,3846
3847:,20148053,3847
3848:,20149397,3848
3849:,20149518,3849
3850:,20150061,3850
3851:,20150178,3851
3852:,20150860,3852
3853:,20151539,3853
3854:,20151600,3854
3855:,20153554,3855
3856:,20153760,3856
3857:,20154008,3857
3858:,20154315,3858
3859:,20161649,3859
3860:,20162715,3860
3861:,20323170,3861
3862:,20323297,3862
3863:,20330830,3863
3864:,20333086,3864
3865:,20388009,3865
3866:,20389298,3866
3867:,20389421,3867
3868:,20389630,3868
3869:,20390136,3869
3870:,20390246,3870
3871:,20399097,3871
3872:,20399379,3872
3873:,20400744,3873
3874:,20400971,3874
3875:,20401220,3875
3876:,20433318,3876
3877:,20433797,3877
3878:,20433944,3878
3879:,20434062,3879
3880:,20447812,3880
3881:,20452233,3881
3882:,20453494,3882
3883:,20454709,3883
3884:,20454961,3884
3885:,20455087,3885
3886:,20455472,3886
3887:,20461545,3887
3888:,20465427,3888
3889:,20467274,3889
3890:,20468910,3890
3891:,20489718,3891
3892:,20489896,3892
3893:,20490015,3893
3894:,20516977,3894
3895:,20537229,3895
3896:,20537486,3896
3897:,20538715,3897
3898:,20538814,3898
3899:,20538994,3899
3900:,20539558,3900
3901:,20559840,3901
3902:,20559955,3902
3903:,20560098,3903
3904:,20571952,3904
3905:,20572199,3905
3906:,20634657,3906
3907:,20635424,3907
3908:,20638263,3908
3909:,20638379,3909
3910:,20638912,3910
3911:,20639154,3911
3912:,20640541,3912
3913:,20641217,3913
3914:,20641647,3914
3915:,20642486,3915
3916:,20643253,3916
3917:,20643464,3917
3918:,20741404,3918
3919:,20741551,3919
3920:,20742024,3920
3921:,20758318,3921
3922:,20764961,3922
3923:,20765124,3923
3924:,20774228,3924
3925:,20774441,3925
3926:,20881249,3926
3927:,20894609,3927
3928:,20896734,3928
3929:,20903809,3929
3930:,20903911,3930
3931:,20904031,3931
3932:,20904175,3932
3933:,20905621,3933
3934:,20905870,3934
3935:,20908060,3935
3936:,20916152,3936
3937:,20956920,3937
3938:,20957169,3938
3939:,21111166,3939
3940:,21111370,3940
3941:,21111514,3941
3942:,21111687,3942
3943:,21126451,3943
3944:,21127463,3944
3945:,21128919,3945
3946:,21129161,3946
3947:,21133450,3947
3948:,21133677,3948
3949:,21134011,3949
3950:,21136385,3950
3951:,21136975,3951
3952:,21137669,3952
3953:,21137789,3953
3954:,21137867,3954
3955:,21153271,3955
3956:,21156398,3956
3957:,21156504,3957
3958:,21156870,3958
3959:,21162181,3959
3960:,21162626,3960
3961:,21173632,3961
3962:,21174509,3962
3963:,21315489,3963
3964:,21315608,3964
3965:,21315691,3965
3966:,21317426,3966
3967:,21359650,3967
3968:,21360056,3968
3969:,21360599,3969
3970:,21360682,3970
3971:,21363024,3971
3972:,21363541,3972
3973:,21378570,3973
3974:,21378703,3974
3975:,21379357,3975
3976:,21382451,3976
3977:,21384097,3977
3978:,21384383,3978
3979:,21385509,3979
3980:,21385930,3980
3981:,21386019,3981
3982:,21386429,3982
3983:,21386602,3983
3984:,21386817,3984
3985:,21389749,3985
3986:,21389868,3986
3987:,21392064,3987
3988:,21392660,3988
3989:,21395402,3989
3990:,21395514,3990
3991:,21398597,3991
3992:,21398726,3992
3993:,21398890,3993
3994:,21400409,3994
3995:,21400847,3995
3996:,21401808,3996
3997:,21402005,3997
3998:,21402165,3998
3999:,21403956,3999
4000:,21413384,4000
4001:,21413525,4001
4002:,21414034,4002
4003:,21414235,4003
4004:,21414354,4004
4005:,21414727,4005
4006:,21416109,4006
4007:,21416266,4007
4008:,21420377,4008
4009:,21421198,4009
4010:,21421417,4010
4011:,21422961,4011
4012:,21425927,4012
4013:,21435755,4013
4014:,21436402,4014
4015:,21436941,4015
4016:,21437478,4016
4017:,21437561,4017
4018:,21437962,4018
4019:,21438135,4019
4020:,21438724,4020
4021:,21438832,4021
4022:,21439031,4022
4023:,21439167,4023
4024:,21439308,4024
4025:,21439450,4025
4026:,21439613,4026
4027:,21440548,4027
4028:,21443257,4028
4029:,21443537,4029
4030:,21444430,4030
4031:,21444910,4031
4032:,21452544,4032
4033:,21452661,4033
4034:,21457034,4034
4035:,21457128,4035
4036:,21457181,4036
4037:,21457690,4037
4038:,21457939,4038
4039:,21458267,4039
4040:,21458661,4040
4041:,21462269,4041
4042:,21462872,4042
4043:,21464729,4043
4044:,21555321,4044
4045:,21555558,4045
4046:,21556860,4046
4047:,21557026,4047
4048:,21557466,4048
4049:,21558218,4049
4050:,21563737,4050
4051:,21564610,4051
4052:,21565378,4052
4053:,21566720,4053
4054:,21566811,4054
4055:,21569375,4055
4056:,21573592,4056
4057:,21625618,4057
4058:,21625980,4058
4059:,21626108,4059
4060:,21626250,4060
4061:,21631654,4061
4062:,21632002,4062
4063:,21632308,4063
4064:,21632589,4064
4065:,21636968,4065
4066:,21637105,4066
4067:,21637465,4067
4068:,21641919,4068
4069:,21642934,4069
4070:,21648349,4070
4071:,21648615,4071
4072:,21648849,4072
4073:,21652505,4073
4074:,21652882,4074
4075:,21654343,4075
4076:,21654485,4076
4077:,21654582,4077
4078:,21654903,4078
4079:,21661028,4079
4080:,21661344,4080
4081:,21692717,4081
4082:,21692828,4082
4083:,21693459,4083
4084:,21693616,4084
4085:,21693810,4085
4086:,21695174,4086
4087:,21697981,4087
4088:,21698178,4088
4089:,21698673,4089
4090:,21719931,4090
4091:,21720081,4091
4092:,21720262,4092
4093:,21722489,4093
4094:,21722692,4094
4095:,21723393,4095
4096:,21724005,4096
4097:,21724187,4097
4098:,21725903,4098
4099:,21732485,4099
4100:,21733389,4100
4101:,21747264,4101
4102:,21747349,4102
4103:,21747809,4103
4104:,21748997,4104
4105:,21749363,4105
4106:,21749977,4106
4107:,21751808,4107
4108:,21751961,4108
4109:,21752205,4109
4110:,21777058,4110
4111:,21777516,4111
4112:,21777860,4112
4113:,21778038,4113
4114:,21778175,4114
4115:,21778310,4115
4116:,21782529,4116
4117:,21783105,4117
4118:,21784664,4118
4119:,21785231,4119
4120:,21786613,4120
4121:,21786802,4121
4122:,21786989,4122
4123:,21788140,4123
4124:,21909910,4124
4125:,21911022,4125
4126:,21911188,4126
4127:,21911293,4127
4128:,21921781,4128
4129:,21921965,4129
4130:,21922660,4130
4131:,21922894,4131
4132:,21924748,4132
4133:,21924843,4133
4134:,21925552,4134
4135:,21926106,4135
4136:,21959461,4136
4137:,21963704,4137
4138:,21964088,4138
4139:,21968071,4139
4140:,21968345,4140
4141:,21968511,4141
4142:,22014148,4142
4143:,22014305,4143
4144:,22014507,4144
4145:,22021640,4145
4146:,22028225,4146
4147:,22029281,4147
4148:,22036581,4148
4149:,22036894,4149
4150:,22062476,4150
4151:,22064143,4151
4152:,22064407,4152
4153:,22064884,4153
4154:,22065485,4154
4155:,22065698,4155
4156:,22070965,4156
4157:,22071325,4157
4158:,22085727,4158
4159:,22085845,4159
4160:,22119569,4160
4161:,22120005,4161
4162:,22121805,4162
4163:,22122373,4163
4164:,22123386,4164
4165:,22124395,4165
4166:,22125792,4166
4167:,22128805,4167
4168:,22130544,4168
4169:,22133633,4169
4170:,22133800,4170
4171:,22133980,4171
4172:,22150871,4172
4173:,22150985,4173
4174:,22152970,4174
4175:,22153504,4175
4176:,22153749,4176
4177:,22153866,4177
4178:,22156247,4178
4179:,22156840,4179
4180:,22159091,4180
4181:,22159225,4181
4182:,22160094,4182
4183:,22160458,4183
4184:,22160578,4184
4185:,22161819,4185
4186:,22166192,4186
4187:,22166397,4187
4188:,22167608,4188
4189:,22167747,4189
4190:,22169119,4190
4191:,22169252,4191
4192:,22169387,4192
4193:,22169582,4193
4194:,22169877,4194
4195:,22170197,4195
4196:,22170351,4196
4197:,22171042,4197
4198:,22174936,4198
4199:,22176677,4199
4200:,22176787,4200
4201:,22176882,4201
4202:,22179471,4202
4203:,22179591,4203
4204:,22179757,4204
4205:,22180511,4205
4206:,22180636,4206
4207:,22180743,4207
4208:,22187968,4208
4209:,22188477,4209
4210:,22189321,4210
4211:,22201277,4211
4212:,22201522,4212
4213:,22201949,4213
4214:,22202037,4214
4215:,22209681,4215
4216:,22209928,4216
4217:,22256079,4217
4218:,22256332,4218
4219:,22256591,4219
4220:,22267534,4220
4221:,22267717,4221
4222:,22268227,4222
4223:,22268616,4223
4224:,22268707,4224
4225:,22270057,4225
4226:,22278599,4226
4227:,22278696,4227
4228:,22331085,4228
4229:,22331314,4229
4230:,22332597,4230
4231:,22332791,4231
4232:,22332874,4232
4233:,22333312,4233
4234:,22333543,4234
4235:,22333846,4235
4236:,22333990,4236
4237:,22334076,4237
4238:,22337999,4238
4239:,22339883,4239
4240:,22340107,4240
4241:,22341063,4241
4242:,22341252,4242
4243:,22341550,4243
4244:,22341699,4244
4245:,22342926,4245
4246:,22343026,4246
4247:,22343202,4247
4248:,22349112,4248
4249:,22360459,4249
4250:,22363956,4250
4251:,22364359,4251
4252:,22364569,4252
4253:,22364763,4253
4254:,22367740,4254
4255:,22369048,4255
4256:,22372910,4256
4257:,22413112,4257
4258:,22414073,4258
4259:,22414752,4259
4260:,22415652,4260
4261:,22436498,4261
4262:,22436813,4262
4263:,22485691,4263
4264:,22487080,4264
4265:,22487369,4265
4266:,22487648,4266
4267:,22572699,4267
4268:,22575265,4268
4269:,22576560,4269
4270:,22592330,4270
4271:,22593719,4271
4272:,22606670,4272
4273:,22606780,4273
4274:,22607237,4274
4275:,22607489,4275
4276:,22607709,4276
4277:,22608031,4277
4278:,22608176,4278
4279:,22609891,4279
4280:,22610901,4280
4281:,22611319,4281
4282:,22614813,4282
4283:,22617129,4283
4284:,22618635,4284
4285:,22635106,4285
4286:,22636356,4286
4287:,22636803,4287
4288:,22643481,4288
4289:,22644423,4289
4290:,22650079,4290
4291:,22652458,4291
4292:,22653985,4292
4293:,22654335,4293
4294:,22655044,4294
4295:,22655089,4295
4296:,22655204,4296
4297:,22655747,4297
4298:,22655862,4298
4299:,22660054,4299
4300:,22661952,4300
4301:,22662034,4301
4302:,22662254,4302
4303:,22717860,4303
4304:,22717983,4304
4305:,22718099,4305
4306:,22718401,4306
4307:,22869694,4307
4308:,22869830,4308
4309:,22870849,4309
4310:,22870994,4310
4311:,22875674,4311
4312:,22875783,4312
4313:,22876278,4313
4314:,22876420,4314
4315:,22876527,4315
4316:,22932741,4316
4317:,22932911,4317
4318:,22933615,4318
4319:,22933731,4319
4320:,22933927,4320
4321:,22935607,4321
4322:,22936063,4322
4323:,22936191,4323
4324:,22936777,4324
4325:,22936943,4325
4326:,22937033,4326
4327:,22937151,4327
4328:,22938881,4328
4329:,22940533,4329
4330:,22940708,4330
4331:,23003751,4331
4332:,23012620,4332
4333:,23012706,4333
4334:,23013575,4334
4335:,23014009,4335
4336:,23015010,4336
4337:,23016556,4337
4338:,23016929,4338
4339:,23016969,4339
4340:,23027196,4340
4341:,23028462,4341
4342:,23056539,4342
4343:,23058316,4343
4344:,23058865,4344
4345:,23059160,4345
4346:,23149548,4346
4347:,23151914,4347
4348:,23152153,4348
4349:,23152679,4349
4350:,23152798,4350
4351:,23153668,4351
4352:,23153999,4352
4353:,23157865,4353
4354:,23170014,4354
4355:,23172963,4355
4356:,23185846,4356
4357:,23291867,4357
4358:,23292362,4358
4359:,23292605,4359
4360:,23292996,4360
4361:,23298298,4361
4362:,23298631,4362
4363:,23298668,4363
4364:,23298901,4364
4365:,23328439,4365
4366:,23328581,4366
4367:,23331820,4367
4368:,23333230,4368
4369:,23333341,4369
4370:,23368437,4370
4371:,23370025,4371
4372:,23370309,4372
4373:,23372468,4373
4374:,23372556,4374
4375:,23379627,4375
4376:,23379833,4376
4377:,23380023,4377
4378:,23382518,4378
4379:,23383230,4379
4380:,23383501,4380
4381:,23392299,4381
4382:,23393640,4382
4383:,23393799,4383
4384:,23397851,4384
4385:,23428432,4385
4386:,23429959,4386
4387:,23437361,4387
4388:,23439390,4388
4389:,23439580,4389
4390:,23470539,4390
4391:,23472366,4391
4392:,23472572,4392
4393:,23499700,4393
4394:,23538360,4394
4395:,23539658,4395
4396:,23539923,4396
4397:,23544120,4397
4398:,23544367,4398
4399:,23545805,4399
4400:,23545981,4400
4401:,23546184,4401
4402:,23546473,4402
4403:,23587502,4403
4404:,23587695,4404
4405:,23587784,4405
4406:,23590559,4406
4407:,23591024,4407
4408:,23592824,4408
4409:,23592984,4409
4410:,23593624,4410
4411:,23593728,4411
4412:,23595943,4412
4413:,23596453,4413
4414:,23599018,4414
4415:,23600629,4415
4416:,23602275,4416
4417:,23602549,4417
4418:,23602633,4418
4419:,23617753,4419
4420:,23619478,4420
4421:,23635314,4421
4422:,23635538,4422
4423:,23635710,4423
4424:,23635792,4424
4425:,23636032,4425
4426:,23636167,4426
4427:,23636750,4427
4428:,23643384,4428
4429:,23643740,4429
4430:,23648951,4430
4431:,23649123,4431
4432:,23649406,4432
4433:,23805590,4433
4434:,23805686,4434
4435:,23806134,4435
4436:,23806225,4436
4437:,23806363,4437
4438:,23806458,4438
4439:,23808492,4439
4440:,23809290,4440
4441:,23809719,4441
4442:,23813439,4442
4443:,23816099,4443
4444:,23816236,4444
4445:,23816659,4445
4446:,23816872,4446
4447:,23817069,4447
4448:,23817440,4448
4449:,23817893,4449
4450:,23818913,4450
4451:,23821423,4451
4452:,23821725,4452
4453:,23822720,4453
4454:,23822959,4454
4455:,23829779,4455
4456:,23829984,4456
4457:,23830996,4457
4458:,23831061,4458
4459:,23831250,4459
4460:,23831656,4460
4461:,23833710,4461
4462:,23834502,4462
4463:,23834587,4463
4464:,23836580,4464
4465:,23836654,4465
4466:,23842274,4466
4467:,23842370,4467
4468:,23842760,4468
4469:,23843767,4469
4470:,23843903,4470
4471:,23844320,4471
4472:,23844426,4472
4473:,23945545,4473
4474:,23946087,4474
4475:,23950329,4475
4476:,23950431,4476
4477:,23950998,4477
4478:,23951275,4478
4479:,23953827,4479
4480:,23977712,4480
4481:,23977885,4481
4482:,23978110,4482
4483:,23979750,4483
4484:,23980783,4484
4485:,23982060,4485
4486:,23985241,4486
4487:,23985435,4487
4488:,23985554,4488
4489:,24018730,4489
4490:,24020135,4490
4491:,24030394,4491
4492:,24030848,4492
4493:,24040202,4493
4494:,24046584,4494
4495:,24046715,4495
4496:,24047330,4496
4497:,24056850,4497
4498:,24057565,4498
4499:,24057835,4499
